window,signal_date,entry_date,exit_date,expiry,net_pnl,max_loss,conservative_intraday_min_pnl,conservative_intraday_min_pnl_day,conservative_bound_is_not_fill
2021,2021-01-01,2021-01-04,2021-01-06,2021-01-07,479.80324630000024,13833.75,-1589.9999999999998,2021-01-05,True
2021,2021-01-07,2021-01-08,2021-01-12,2021-01-14,-4552.820223724998,11752.5,-7312.499999999998,2021-01-12,True
2021,2021-01-14,2021-01-15,2021-01-19,2021-01-21,2464.72738435,11411.25,-7076.25,2021-01-18,True
2021,2021-01-21,2021-01-22,2021-01-27,2021-01-28,-9535.944550925,10462.5,-21547.5,2021-01-27,True
2021,2021-01-28,2021-01-29,2021-02-02,2021-02-04,-8166.975618050002,8103.749999999999,-29062.5,2021-02-02,True
2021,2021-02-04,2021-02-05,2021-02-10,2021-02-11,1388.9958811749998,11111.25,-6337.5,2021-02-09,True
2021,2021-02-11,2021-02-12,2021-02-17,2021-02-18,1743.4619312500004,12596.25,-2816.249999999999,2021-02-16,True
2021,2021-02-18,2021-02-19,2021-02-22,2021-02-25,-4504.898465375,11801.25,-12401.250000000002,2021-02-22,True
2021,2021-02-23,2021-02-24,2021-02-25,2021-02-25,-1305.1718351749994,12120.0,-8208.749999999996,2021-02-25,True
2021,2021-02-26,2021-03-01,2021-03-03,2021-03-04,-9876.214749275001,10323.749999999998,-22875.0,2021-03-03,True
2021,2021-03-04,2021-03-05,2021-03-09,2021-03-10,4461.405852249999,9603.75,-4455.0,2021-03-08,True
2021,2021-03-12,2021-03-15,2021-03-18,2021-03-18,-11792.259676925,11617.5,-17557.5,2021-03-18,True
2021,2021-03-19,2021-03-22,2021-03-25,2021-03-25,-5250.71608985,12179.999999999998,-12258.749999999996,2021-03-25,True
2021,2021-04-01,2021-04-05,2021-04-07,2021-04-08,3709.286267275,9783.75,-7106.250000000001,2021-04-06,True
2021,2021-04-08,2021-04-09,2021-04-12,2021-04-15,-8157.577976600001,12356.25,-21446.249999999996,2021-04-12,True
2021,2021-04-15,2021-04-16,2021-04-22,2021-04-22,3113.5122431499994,11463.750000000002,-10192.499999999998,2021-04-22,True
2021,2021-04-23,2021-04-26,2021-04-28,2021-04-29,-7308.823763225,10563.75,-13833.750000000004,2021-04-28,True
2021,2021-04-29,2021-04-30,2021-05-06,2021-05-06,5180.506113100001,9393.749999999998,-11024.999999999996,2021-05-03,True
2021,2021-05-07,2021-05-10,2021-05-11,2021-05-12,341.58396857499986,14017.5,-1927.4999999999998,2021-05-11,True
2021,2021-05-14,2021-05-17,2021-05-18,2021-05-20,-4562.94626705,11951.25,-7515.000000000001,2021-05-18,True
2021,2021-05-20,2021-05-21,2021-05-27,2021-05-27,-1387.975416425001,9903.75,-4428.750000000001,2021-05-27,True
2021,2021-05-28,2021-05-31,2021-06-02,2021-06-03,442.62109435,14017.5,-1387.5000000000005,2021-06-01,True
2021,2021-06-03,2021-06-04,2021-06-08,2021-06-10,359.6872250500001,14010.0,-933.7500000000001,2021-06-07,True
2021,2021-06-17,2021-06-18,2021-06-22,2021-06-24,452.5450410250001,13755.0,-3896.2499999999995,2021-06-21,True
2021,2021-07-16,2021-07-19,2021-07-20,2021-07-22,-1677.7181150750002,13950.0,-4713.750000000001,2021-07-20,True
2021,2021-08-02,2021-08-03,2021-08-04,2021-08-05,-1645.2489053499999,9132.5,-3487.5,2021-08-04,True
2021,2021-08-12,2021-08-13,2021-08-18,2021-08-18,506.04523235,9192.5,-725.0000000000002,2021-08-16,True
2021,2021-08-26,2021-08-27,2021-08-30,2021-09-02,-1492.8902333999995,9377.5,-2319.9999999999995,2021-08-30,True
2021,2021-09-02,2021-09-03,2021-09-07,2021-09-09,404.8300475500001,8987.5,-994.9999999999999,2021-09-06,True
2021,2021-09-16,2021-09-17,2021-09-20,2021-09-23,-1310.8929377000002,9240.0,-3650.0,2021-09-20,True
2021,2021-09-23,2021-09-24,2021-09-28,2021-09-30,463.80672495000033,8800.0,-1659.9999999999995,2021-09-28,True
2021,2021-09-30,2021-10-01,2021-10-04,2021-10-07,583.1213284499999,8467.5,-1392.5,2021-10-04,True
2021,2021-10-07,2021-10-08,2021-10-13,2021-10-14,-1152.93434,9040.0,-2595.0000000000005,2021-10-13,True
2021,2021-10-14,2021-10-18,2021-10-20,2021-10-21,455.32613834999995,9082.5,-1444.9999999999995,2021-10-19,True
2021,2021-10-21,2021-10-22,2021-10-26,2021-10-28,723.1556382500002,8542.5,-3182.4999999999995,2021-10-25,True
2021,2021-10-28,2021-10-29,2021-11-01,2021-11-03,1143.5761051,7895.0,-1495.0,2021-11-01,True
2021,2021-11-04,2021-11-08,2021-11-09,2021-11-11,357.3600539,8850.0,-752.4999999999999,2021-11-09,True
2021,2021-11-11,2021-11-12,2021-11-16,2021-11-18,1041.4610291,8340.0,-1684.9999999999995,2021-11-15,True
2021,2021-11-18,2021-11-22,2021-11-25,2021-11-25,2684.331447049999,7000.0,-7867.500000000001,2021-11-23,True
2021,2021-11-26,2021-11-29,2021-12-01,2021-12-02,1112.1813311500005,8294.999999999998,-4410.0,2021-11-30,True
2021,2021-12-02,2021-12-03,2021-12-06,2021-12-09,-2956.1091294499997,7697.499999999999,-6630.0,2021-12-06,True
2021,2021-12-07,2021-12-08,2021-12-09,2021-12-09,344.27679380000006,9355.0,-907.4999999999999,2021-12-09,True
2021,2021-12-10,2021-12-13,2021-12-16,2021-12-16,1141.5937191999997,8507.5,-3040.0000000000005,2021-12-15,True
2021,2021-12-17,2021-12-20,2021-12-21,2021-12-23,1375.0366883999984,6512.500000000002,-3035.0,2021-12-21,True
2021,2021-12-23,2021-12-24,2021-12-29,2021-12-30,948.1626607500002,8607.5,-2769.9999999999995,2021-12-27,True
2022,2022-01-03,2022-01-04,2022-01-06,2022-01-06,708.1705888000001,6492.5,-2212.5,2022-01-05,True
2022,2022-01-07,2022-01-10,2022-01-13,2022-01-13,-3344.3421925499997,5557.5,-4787.499999999998,2022-01-13,True
2022,2022-01-14,2022-01-17,2022-01-19,2022-01-20,-2283.1419554500003,6437.5,-5652.500000000001,2022-01-19,True
2022,2022-01-20,2022-01-21,2022-01-24,2022-01-27,-3684.701467849999,5097.499999999999,-22120.0,2022-01-24,True
2022,2022-01-27,2022-01-28,2022-02-03,2022-02-03,-3947.2827170000014,3540.0000000000005,-14354.999999999998,2022-02-03,True
2022,2022-02-04,2022-02-07,2022-02-09,2022-02-10,2686.7010589000006,4257.5,-7965.000000000001,2022-02-08,True
2022,2022-02-10,2022-02-11,2022-02-14,2022-02-17,-4106.696489099996,4509.999999999999,-22002.5,2022-02-14,True
2022,2022-02-15,2022-02-16,2022-02-17,2022-02-17,305.62653744999994,6895.0,-1342.5,2022-02-17,True
2022,2022-02-18,2022-02-21,2022-02-24,2022-02-24,-5583.765218750001,5127.500000000001,-30177.500000000007,2022-02-24,True
2022,2022-02-25,2022-02-28,2022-03-03,2022-03-03,3794.4144370999993,3325.000000000001,-6884.999999999999,2022-03-02,True
2022,2022-03-04,2022-03-07,2022-03-10,2022-03-10,1685.6300881000009,3222.4999999999995,-11397.500000000002,2022-03-08,True
2022,2022-03-11,2022-03-14,2022-03-17,2022-03-17,-3271.1894542999994,2969.999999999999,-10482.499999999998,2022-03-17,True
2022,2022-03-21,2022-03-22,2022-03-24,2022-03-24,2686.3354462,4507.5,-4710.000000000001,2022-03-23,True
2022,2022-03-25,2022-03-28,2022-03-31,2022-03-31,1666.9957823499997,5485.0,-2672.500000000001,2022-03-30,True
2022,2022-04-01,2022-04-04,2022-04-06,2022-04-07,3094.6468785500006,3657.4999999999995,-4817.499999999999,2022-04-05,True
2022,2022-04-07,2022-04-08,2022-04-13,2022-04-13,1918.7112790999995,5257.5,-1855.0000000000005,2022-04-11,True
2022,2022-04-18,2022-04-19,2022-04-21,2022-04-21,1830.13637765,5362.5,-2120.0000000000005,2022-04-20,True
2022,2022-04-22,2022-04-25,2022-04-28,2022-04-28,2402.3858838499996,4785.000000000001,-1050.0000000000005,2022-04-26,True
2022,2022-04-29,2022-05-02,2022-05-04,2022-05-05,-3294.099807149998,5570.0,-10632.499999999998,2022-05-04,True
2022,2022-05-05,2022-05-06,2022-05-12,2022-05-12,-4648.785211650002,4205.0,-19697.500000000004,2022-05-12,True
2022,2022-05-13,2022-05-16,2022-05-19,2022-05-19,2469.05011235,4725.0,-11427.499999999998,2022-05-17,True
2022,2022-05-20,2022-05-23,2022-05-26,2022-05-26,2475.3222802000005,4714.999999999999,-3832.4999999999973,2022-05-26,True
2022,2022-05-27,2022-05-30,2022-06-02,2022-06-02,2630.919347300001,3502.499999999999,-3657.499999999999,2022-05-31,True
2022,2022-06-03,2022-06-06,2022-06-09,2022-06-09,1789.4665682000002,5402.5,-4332.5,2022-06-08,True
2022,2022-06-10,2022-06-13,2022-06-16,2022-06-16,-3307.1275127500007,3062.4999999999986,-24535.000000000004,2022-06-16,True
2022,2022-06-17,2022-06-20,2022-06-23,2022-06-23,2016.4884979000005,4689.999999999999,-8809.999999999998,2022-06-21,True
2022,2022-06-24,2022-06-27,2022-06-30,2022-06-30,2375.1322230500004,4817.5,-1932.5,2022-06-28,True
2022,2022-07-01,2022-07-04,2022-07-07,2022-07-07,-4426.192447449999,5117.5,-5402.499999999999,2022-07-07,True
2022,2022-07-08,2022-07-11,2022-07-14,2022-07-14,298.71020574999994,5970.0,-3412.5,2022-07-14,True
2022,2022-07-15,2022-07-18,2022-07-20,2022-07-21,-3648.4460748000006,5140.000000000001,-7055.0,2022-07-20,True
2022,2022-07-21,2022-07-22,2022-07-28,2022-07-28,-1113.1549270999994,4997.499999999999,-2090.0,2022-07-28,True
2022,2022-07-29,2022-08-01,2022-08-04,2022-08-04,1438.5429154499996,5752.500000000001,-1270.0000000000007,2022-08-04,True
2022,2022-08-05,2022-08-08,2022-08-11,2022-08-11,1478.5978498499994,5655.0,-2075.000000000001,2022-08-11,True
2022,2022-08-12,2022-08-16,2022-08-17,2022-08-18,-1227.7492962000001,6657.5,-1655.0000000000005,2022-08-17,True
2022,2022-08-18,2022-08-19,2022-08-25,2022-08-25,-4918.666386799999,4970.0,-12184.999999999996,2022-08-23,True
2022,2022-08-26,2022-08-29,2022-08-30,2022-09-01,2097.5029037999993,4302.500000000001,-1630.0000000000011,2022-08-30,True
2022,2022-09-01,2022-09-02,2022-09-07,2022-09-08,1726.5687512,5050.0,-2385.0,2022-09-05,True
2022,2022-09-08,2022-09-09,2022-09-15,2022-09-15,1909.0738634000004,5284.999999999999,-2719.9999999999995,2022-09-14,True
2022,2022-09-16,2022-09-19,2022-09-22,2022-09-22,2192.9553535000005,4997.499999999999,-5022.499999999999,2022-09-20,True
2022,2022-09-23,2022-09-26,2022-09-29,2022-09-29,-4269.960102600001,4027.5,-9369.999999999998,2022-09-29,True
2022,2022-09-30,2022-10-03,2022-10-06,2022-10-06,2149.72100725,5032.5,-1175.0000000000005,2022-10-06,True
2022,2022-10-07,2022-10-10,2022-10-13,2022-10-13,-300.9739485,5567.5,-6140.000000000001,2022-10-11,True
2022,2022-10-14,2022-10-17,2022-10-20,2022-10-20,-682.9237328499999,5509.999999999999,-4609.999999999999,2022-10-19,True
2022,2022-10-21,2022-10-24,2022-10-27,2022-10-27,1286.9740465000002,5909.999999999999,-2847.5,2022-10-25,True
2022,2022-10-28,2022-10-31,2022-11-03,2022-11-03,2035.0585659,5130.0,-4130.0,2022-11-01,True
2022,2022-11-10,2022-11-11,2022-11-17,2022-11-17,2587.443211399999,4517.500000000001,-1945.0000000000007,2022-11-14,True
2022,2022-11-18,2022-11-21,2022-11-23,2022-11-24,759.8669380499999,6285.0,-545.0000000000002,2022-11-22,True
2022,2022-11-24,2022-11-25,2022-11-30,2022-12-01,-1278.291846,6615.000000000001,-2557.4999999999995,2022-11-30,True
2022,2022-12-01,2022-12-02,2022-12-08,2022-12-08,-186.47572989999975,5339.999999999999,-3759.9999999999995,2022-12-08,True
2022,2022-12-09,2022-12-12,2022-12-15,2022-12-15,371.2733138500002,6827.500000000001,-774.9999999999998,2022-12-13,True
2022,2022-12-16,2022-12-19,2022-12-22,2022-12-22,475.99473975,6682.5,-1747.4999999999998,2022-12-21,True
2022,2022-12-23,2022-12-26,2022-12-29,2022-12-29,174.83171219999983,5540.000000000001,-2742.5,2022-12-27,True
2023,2023-01-03,2023-01-04,2023-01-05,2023-01-05,567.4579776000002,6042.5,-4470.0,2023-01-05,True
2023,2023-01-06,2023-01-09,2023-01-12,2023-01-12,845.5504734500001,6355.0,-1047.5,2023-01-10,True
2023,2023-01-13,2023-01-16,2023-01-19,2023-01-19,1047.2391153,6152.5,-1207.4999999999998,2023-01-17,True
2023,2023-01-27,2023-01-30,2023-02-02,2023-02-02,2133.984938250001,5059.999999999999,-7527.499999999999,2023-02-01,True
2023,2023-02-03,2023-02-06,2023-02-08,2023-02-09,918.7718859500001,6112.5,-2055.0000000000005,2023-02-07,True
2023,2023-02-09,2023-02-10,2023-02-15,2023-02-16,567.7227938999999,6555.0,-2120.0000000000005,2023-02-13,True
2023,2023-02-16,2023-02-17,2023-02-22,2023-02-23,-5254.58337685,6452.500000000001,-10115.000000000002,2023-02-22,True
2023,2023-02-23,2023-02-24,2023-03-01,2023-03-02,627.5310873999998,6482.5,-1917.5000000000005,2023-02-27,True
2023,2023-03-02,2023-03-03,2023-03-09,2023-03-09,1294.65392205,5905.0,-4852.500000000001,2023-03-06,True
2023,2023-03-10,2023-03-13,2023-03-16,2023-03-16,-5059.355768500001,4807.5,-12157.5,2023-03-16,True
2023,2023-03-17,2023-03-20,2023-03-22,2023-03-23,1301.13212575,5440.0,-1114.9999999999998,2023-03-21,True
2023,2023-03-23,2023-03-24,2023-03-29,2023-03-29,1372.8403882500002,5825.0,-1394.9999999999993,2023-03-27,True
2023,2023-04-13,2023-04-17,2023-04-20,2023-04-20,628.0839495,6507.5,-1819.9999999999995,2023-04-19,True
2023,2023-04-27,2023-04-28,2023-05-02,2023-05-04,-1292.6573745,6742.5,-2285.0,2023-05-02,True
2023,2023-05-04,2023-05-05,2023-05-09,2023-05-11,1128.2611967500002,5884.999999999999,-652.4999999999999,2023-05-08,True
2023,2023-05-11,2023-05-12,2023-05-18,2023-05-18,371.05495655,6827.500000000001,-927.4999999999999,2023-05-15,True
2023,2023-05-19,2023-05-22,2023-05-25,2023-05-25,356.53146745000004,6847.499999999999,-1047.5000000000002,2023-05-23,True
2023,2023-06-08,2023-06-09,2023-06-13,2023-06-15,450.5701501499998,6655.0,-522.5000000000003,2023-06-12,True
2023,2023-06-15,2023-06-16,2023-06-22,2023-06-22,353.90027179999987,6850.0,-577.5,2023-06-19,True
2023,2023-07-06,2023-07-07,2023-07-11,2023-07-13,776.9472883999999,6297.5,-922.4999999999997,2023-07-10,True
2023,2023-07-14,2023-07-17,2023-07-20,2023-07-20,-3613.1721772000005,6837.5,-4150.0,2023-07-20,True
2023,2023-07-21,2023-07-24,2023-07-26,2023-07-27,350.9252795499999,6780.0,-565.0000000000002,2023-07-25,True
2023,2023-07-27,2023-07-28,2023-08-03,2023-08-03,370.7762025499999,6680.0,-2380.0000000000005,2023-08-03,True
2023,2023-08-10,2023-08-11,2023-08-17,2023-08-17,678.1247421,6520.0,-3695.0000000000005,2023-08-14,True
2023,2023-08-24,2023-08-25,2023-08-29,2023-08-31,886.6430597999997,6160.0,-720.0000000000002,2023-08-28,True
2023,2023-08-31,2023-09-01,2023-09-07,2023-09-07,-6219.0147583,5952.5,-9654.999999999998,2023-09-07,True
2023,2023-09-08,2023-09-11,2023-09-14,2023-09-14,326.28120115000013,6875.0,-1635.0000000000002,2023-09-12,True
2023,2023-09-18,2023-09-20,2023-09-21,2023-09-21,-4596.41056755,6415.000000000001,-6242.499999999999,2023-09-21,True
2023,2023-09-28,2023-09-29,2023-10-04,2023-10-05,371.05031065000003,6734.999999999999,-685.0,2023-10-03,True
2023,2023-10-05,2023-10-06,2023-10-12,2023-10-12,319.06591560000004,6887.5,-1502.5000000000002,2023-10-11,True
2023,2023-10-19,2023-10-20,2023-10-23,2023-10-26,-2454.68557045,6600.0,-5980.000000000001,2023-10-23,True
2023,2023-10-26,2023-10-27,2023-11-01,2023-11-02,1716.3257522499998,5135.0,-3485.0,2023-10-31,True
2023,2023-11-02,2023-11-03,2023-11-09,2023-11-09,463.5449383,6734.999999999999,-882.4999999999998,2023-11-06,True
2023,2023-11-16,2023-11-17,2023-11-22,2023-11-23,370.88305825000003,6787.5,-817.5000000000001,2023-11-20,True
2023,2023-11-30,2023-12-01,2023-12-04,2023-12-07,-4103.651003499999,5437.5,-10749.999999999998,2023-12-04,True
2023,2023-12-07,2023-12-08,2023-12-13,2023-12-14,489.9885962500001,6570.0,-807.5000000000001,2023-12-13,True
2023,2023-12-14,2023-12-15,2023-12-21,2023-12-21,1729.2169142,5465.0,-2710.0,2023-12-21,True
2023,2023-12-26,2023-12-27,2023-12-28,2023-12-28,403.8435005,6727.500000000001,-1752.5000000000005,2023-12-28,True
2024,2024-01-01,2024-01-02,2024-01-03,2024-01-04,-1914.1390838500001,6140.0,-3242.5000000000005,2024-01-03,True
2024,2024-01-04,2024-01-05,2024-01-08,2024-01-11,-1453.26575145,6607.5,-2985.000000000001,2024-01-08,True
2024,2024-01-11,2024-01-12,2024-01-18,2024-01-18,2088.3640128,5102.500000000001,-4762.500000000002,2024-01-16,True
2024,2024-01-19,2024-01-23,2024-01-24,2024-01-25,3111.231733850001,3344.9999999999995,-6522.499999999999,2024-01-24,True
2024,2024-01-25,2024-01-29,2024-02-01,2024-02-01,1647.4070517000005,3002.499999999999,-9005.0,2024-01-30,True
2024,2024-02-02,2024-02-05,2024-02-07,2024-02-08,1762.0535333999997,5175.0,-2647.5000000000005,2024-02-06,True
2024,2024-02-08,2024-02-09,2024-02-14,2024-02-15,1308.4821424000002,5534.999999999999,-4077.5000000000005,2024-02-12,True
2024,2024-02-15,2024-02-16,2024-02-21,2024-02-22,1456.1219933500001,5495.0,-2802.5,2024-02-19,True
2024,2024-02-22,2024-02-23,2024-02-29,2024-02-29,1312.1911868500006,5697.499999999999,-4420.0,2024-02-29,True
2024,2024-03-01,2024-03-04,2024-03-06,2024-03-07,673.8674814500001,6325.0,-1604.9999999999998,2024-03-05,True
2024,2024-03-07,2024-03-11,2024-03-13,2024-03-14,-4538.7731199,5855.0,-13925.000000000004,2024-03-13,True
2024,2024-03-14,2024-03-15,2024-03-21,2024-03-21,1756.0694113500008,5439.999999999999,-7709.999999999999,2024-03-20,True
2024,2024-03-22,2024-03-26,2024-03-28,2024-03-28,356.16444135000006,6809.999999999999,-2075.0,2024-03-28,True
2024,2024-04-01,2024-04-02,2024-04-04,2024-04-04,436.21855934999985,6759.999999999999,-2127.5000000000005,2024-04-04,True
2024,2024-04-12,2024-04-15,2024-04-18,2024-04-18,-6004.015004400001,5450.0,-15502.5,2024-04-18,True
2024,2024-04-25,2024-04-26,2024-05-02,2024-05-02,651.5468792249999,2898.75,-486.25000000000006,2024-04-29,True
2024,2024-05-03,2024-05-06,2024-05-09,2024-05-09,-3417.9719180749994,3105.0,-5590.000000000001,2024-05-09,True
2024,2024-05-10,2024-05-13,2024-05-16,2024-05-16,357.56338342499987,3182.5000000000005,-802.5,2024-05-14,True
2024,2024-05-17,2024-05-21,2024-05-23,2024-05-23,-2436.5889595,3397.5,-2999.999999999999,2024-05-23,True
2024,2024-05-24,2024-05-27,2024-05-30,2024-05-30,-3312.9385101750004,3126.25,-5236.25,2024-05-30,True
2024,2024-05-31,2024-06-03,2024-06-06,2024-06-06,2426.8101124499995,1101.2500000000002,-35308.75,2024-06-04,True
2024,2024-06-07,2024-06-10,2024-06-12,2024-06-13,714.8799974249998,2663.7500000000005,-1316.25,2024-06-11,True
2024,2024-06-13,2024-06-14,2024-06-20,2024-06-20,226.84975999999995,3327.5,-756.25,2024-06-19,True
2024,2024-06-21,2024-06-24,2024-06-26,2024-06-27,-1169.103567775,3261.2499999999995,-2510.0,2024-06-26,True
2024,2024-06-27,2024-06-28,2024-07-04,2024-07-04,607.8331971499998,2943.75,-881.2500000000003,2024-07-01,True
2024,2024-07-05,2024-07-08,2024-07-11,2024-07-11,139.68953509999997,3415.0,-965.0,2024-07-10,True
2024,2024-07-18,2024-07-19,2024-07-25,2024-07-25,1435.2146542749992,2065.0000000000005,-8692.5,2024-07-23,True
2024,2024-07-26,2024-07-29,2024-08-01,2024-08-01,209.31178849999986,3345.0000000000005,-509.99999999999994,2024-07-30,True
2024,2024-08-02,2024-08-05,2024-08-08,2024-08-08,-1912.2690867750002,1716.2500000000002,-5873.75,2024-08-06,True
2024,2024-08-09,2024-08-12,2024-08-14,2024-08-14,237.946796425,3313.7500000000005,-1051.25,2024-08-13,True
2024,2024-08-16,2024-08-19,2024-08-22,2024-08-22,118.39757497499993,3436.2499999999995,-380.00000000000017,2024-08-20,True
2024,2024-08-23,2024-08-26,2024-08-29,2024-08-29,288.05263162500006,3236.2499999999995,-351.25,2024-08-27,True
2024,2024-09-05,2024-09-06,2024-09-12,2024-09-12,1220.1965196249994,2326.2500000000005,-2747.5000000000005,2024-09-09,True
2024,2024-09-17,2024-09-18,2024-09-19,2024-09-19,200.485890475,3352.5,-43.74999999999996,2024-09-19,True
2024,2024-09-20,2024-09-23,2024-09-26,2024-09-26,-412.82741712500007,3286.2499999999995,-1305.0000000000005,2024-09-26,True
2024,2024-09-27,2024-09-30,2024-10-03,2024-10-03,-2204.1366761250006,2031.2500000000005,-11925.0,2024-10-03,True
2024,2024-10-04,2024-10-07,2024-10-10,2024-10-10,1162.782480875,2386.2499999999995,-2638.7499999999995,2024-10-08,True
2024,2024-10-11,2024-10-14,2024-10-17,2024-10-17,208.170411925,3343.75,-686.2500000000001,2024-10-15,True
2024,2024-10-18,2024-10-21,2024-10-22,2024-10-24,-1222.468501825,3096.25,-3494.9999999999995,2024-10-22,True
2024,2024-10-24,2024-10-25,2024-10-29,2024-10-31,719.1667497250002,2653.75,-1652.4999999999995,2024-10-28,True
2024,2024-10-31,2024-11-01,2024-11-07,2024-11-07,1182.5489695500003,2366.25,-5326.25,2024-11-04,True
2024,2024-11-08,2024-11-11,2024-11-12,2024-11-14,-929.4871070249997,3240.0,-2328.75,2024-11-12,True
2024,2024-11-14,2024-11-18,2024-11-21,2024-11-21,1202.0140386249998,9648.75,-3641.250000000001,2024-11-21,True
2024,2024-11-22,2024-11-25,2024-11-28,2024-11-28,4921.961748625002,5906.249999999999,-7349.999999999999,2024-11-26,True
2024,2024-11-29,2024-12-02,2024-12-05,2024-12-05,691.86658855,8973.75,-14459.999999999998,2024-12-05,True
2024,2024-12-06,2024-12-09,2024-12-11,2024-12-12,1908.042856975,8430.0,-3592.500000000001,2024-12-10,True
2024,2024-12-12,2024-12-13,2024-12-18,2024-12-19,-3125.526256550001,8842.5,-7590.000000000001,2024-12-18,True
2024,2024-12-19,2024-12-20,2024-12-24,2024-12-26,3539.207223174997,5902.500000000003,-6176.250000000001,2024-12-23,True
2025,2025-01-02,2025-01-03,2025-01-08,2025-01-09,-5281.230563900001,7173.75,-24521.250000000004,2025-01-06,True
2025,2025-01-09,2025-01-10,2025-01-16,2025-01-16,2637.8406068500003,8201.25,-10901.249999999998,2025-01-13,True
2025,2025-01-17,2025-01-20,2025-01-22,2025-01-23,1554.3594382,8872.5,-7961.249999999999,2025-01-21,True
2025,2025-01-23,2025-01-24,2025-01-30,2025-01-30,2929.8712084000003,7904.999999999999,-9243.749999999998,2025-01-28,True
2025,2025-01-31,2025-02-03,2025-02-06,2025-02-06,1940.537092975,8910.0,-5325.0,2025-02-04,True
2025,2025-02-07,2025-02-10,2025-02-11,2025-02-13,-4372.0615642249995,8178.75,-17621.25,2025-02-11,True
2025,2025-02-13,2025-02-14,2025-02-20,2025-02-20,2982.4502786499997,7856.25,-7417.5,2025-02-17,True
2025,2025-02-21,2025-02-24,2025-02-27,2025-02-27,1643.2401609250003,9198.75,-1961.2499999999995,2025-02-25,True
2025,2025-02-28,2025-03-03,2025-03-05,2025-03-06,1017.2137504000004,9517.5,-3213.7499999999995,2025-03-04,True
2025,2025-03-06,2025-03-07,2025-03-13,2025-03-13,1590.4102120749994,9262.5,-4762.500000000001,2025-03-11,True
2025,2025-03-17,2025-03-18,2025-03-20,2025-03-20,-8938.505580200002,8587.5,-17099.999999999996,2025-03-20,True
2025,2025-03-21,2025-03-24,2025-03-26,2025-03-27,2870.383583425,7121.25,-11313.750000000002,2025-03-25,True
2025,2025-03-27,2025-03-28,2025-04-01,2025-04-03,-2726.1144513499985,9881.25,-8452.5,2025-04-01,True
2025,2025-04-03,2025-04-04,2025-04-09,2025-04-09,-6366.283051175005,5925.0,-60187.50000000001,2025-04-07,True
2025,2025-04-11,2025-04-15,2025-04-17,2025-04-17,-7360.486272649996,7136.25,-38433.75,2025-04-17,True
2025,2025-04-21,2025-04-22,2025-04-24,2025-04-24,513.1082932750004,10331.25,-2542.4999999999995,2025-04-23,True
2025,2025-04-25,2025-04-28,2025-04-30,2025-04-30,1170.2654695749998,9671.25,-2658.750000000001,2025-04-29,True
2025,2025-05-02,2025-05-05,2025-05-08,2025-05-08,545.124103,10278.75,-2617.4999999999995,2025-05-07,True
2025,2025-05-09,2025-05-12,2025-05-15,2025-05-15,-1929.0154644499999,1620.0000000000018,-38861.25000000001,2025-05-15,True
2025,2025-05-16,2025-05-19,2025-05-22,2025-05-22,-4796.357925500001,8535.0,-16672.5,2025-05-22,True
2025,2025-05-23,2025-05-26,2025-05-29,2025-05-29,3806.941076425,7020.0,-11103.749999999998,2025-05-27,True
2025,2025-05-30,2025-06-02,2025-06-05,2025-06-05,4101.62226535,6731.25,-11388.75,2025-06-03,True
2025,2025-06-06,2025-06-09,2025-06-12,2025-06-12,1395.6581017749993,9450.0,-2347.500000000001,2025-06-10,True
2025,2025-06-13,2025-06-16,2025-06-18,2025-06-19,2250.924253975,7796.25,-3217.5000000000005,2025-06-17,True
2025,2025-06-19,2025-06-20,2025-06-26,2025-06-26,-7041.191105525001,6592.5,-20928.749999999996,2025-06-26,True
2025,2025-06-27,2025-06-30,2025-07-03,2025-07-03,2031.092764075,8801.25,-2647.5000000000005,2025-07-01,True
2025,2025-07-04,2025-07-07,2025-07-10,2025-07-10,868.64542615,9978.75,-1406.2499999999998,2025-07-08,True
2025,2025-07-11,2025-07-14,2025-07-17,2025-07-17,614.6262697000002,10237.5,-1229.9999999999995,2025-07-15,True
2025,2025-07-24,2025-07-25,2025-07-31,2025-07-31,2041.9087235499996,8775.0,-7762.499999999998,2025-07-29,True
2025,2025-08-01,2025-08-04,2025-08-07,2025-08-07,1343.922262375,9506.25,-1511.2500000000005,2025-08-05,True
2025,2025-08-08,2025-08-11,2025-08-14,2025-08-14,869.2099029999999,9978.75,-2850.0,2025-08-12,True
2025,2025-08-21,2025-08-22,2025-08-28,2025-08-28,-9735.7381727,9367.5,-14763.75,2025-08-28,True
2025,2025-09-02,2025-09-03,2025-09-09,2025-09-09,723.0552252249996,10128.75,-3633.75,2025-09-04,True
2025,2025-09-16,2025-09-17,2025-09-23,2025-09-23,543.4282480749998,10308.75,-1162.5000000000002,2025-09-18,True
2025,2025-09-24,2025-09-25,2025-09-26,2025-09-30,-3495.6961586,10230.0,-7350.0,2025-09-26,True
2025,2025-09-30,2025-10-01,2025-10-06,2025-10-07,-5180.598239975,9078.75,-8175.000000000001,2025-10-06,True
2025,2025-10-07,2025-10-08,2025-10-13,2025-10-14,568.8397081,10151.25,-1271.2500000000002,2025-10-09,True
2025,2025-10-14,2025-10-15,2025-10-16,2025-10-20,-3664.792899124999,9802.5,-7792.5,2025-10-16,True
2025,2025-10-21,2025-10-23,2025-10-28,2025-10-28,760.244346025,10087.5,-2340.0,2025-10-24,True
2025,2025-10-29,2025-10-30,2025-11-04,2025-11-04,-8781.307395274998,8400.0,-12333.750000000002,2025-11-04,True
2025,2025-11-11,2025-11-12,2025-11-18,2025-11-18,1683.6931279,9157.5,-3183.749999999999,2025-11-13,True
2025,2025-11-19,2025-11-20,2025-11-24,2025-11-25,886.6511187249997,9765.0,-825.0000000000002,2025-11-21,True
2025,2025-11-25,2025-11-26,2025-12-02,2025-12-02,3590.289806500001,7248.749999999999,-5583.75,2025-11-27,True
2025,2025-12-05,2025-12-08,2025-12-09,2025-12-09,-2602.2376754750003,8992.5,-11201.25,2025-12-09,True
2025,2025-12-16,2025-12-17,2025-12-23,2025-12-23,854.0917387000002,9993.75,-1646.2499999999993,2025-12-18,True
2026-YTD,2026-01-06,2026-01-07,2026-01-08,2026-01-13,-3141.3036258700004,8554.0,-7578.999999999998,2026-01-08,True
2026-YTD,2026-01-13,2026-01-14,2026-01-20,2026-01-20,-8369.558474179998,7917.0,-13169.000000000002,2026-01-20,True
2026-YTD,2026-01-21,2026-01-22,2026-01-27,2026-01-27,2137.2267540449993,7244.25,-4247.750000000002,2026-01-23,True
2026-YTD,2026-01-28,2026-01-29,2026-02-03,2026-02-03,2744.399313219999,6516.250000000001,-43949.75000000001,2026-02-03,True
2026-YTD,2026-02-04,2026-02-05,2026-02-09,2026-02-10,1603.7686394400005,7361.25,-4387.5,2026-02-06,True
2026-YTD,2026-02-10,2026-02-11,2026-02-13,2026-02-17,-5040.689986105,8459.75,-13357.5,2026-02-13,True
2026-YTD,2026-02-17,2026-02-18,2026-02-24,2026-02-24,1308.8273606,7884.5,-9415.250000000002,2026-02-19,True
2026-YTD,2026-02-25,2026-02-26,2026-02-27,2026-03-02,-2866.0259388349996,7985.25,-10039.25,2026-02-27,True
2026-YTD,2026-03-04,2026-03-05,2026-03-10,2026-03-10,4160.736490605002,4751.499999999999,-21911.499999999996,2026-03-09,True
2026-YTD,2026-03-11,2026-03-12,2026-03-17,2026-03-17,3481.6600778499983,4975.750000000002,-29019.25,2026-03-16,True
2026-YTD,2026-03-18,2026-03-19,2026-03-24,2026-03-24,-3856.6164763950014,3220.75,-31570.500000000007,2026-03-24,True
2026-YTD,2026-03-25,2026-03-27,2026-03-30,2026-03-30,-5149.263823684997,3821.999999999998,-27615.249999999993,2026-03-30,True
2026-YTD,2026-04-01,2026-04-02,2026-04-07,2026-04-07,3598.5510769449993,4390.750000000001,-12168.0,2026-04-06,True
2026-YTD,2026-04-08,2026-04-09,2026-04-13,2026-04-13,3839.1011803749993,5515.250000000001,-10071.75,2026-04-13,True
2026-YTD,2026-04-15,2026-04-16,2026-04-21,2026-04-21,1557.0305170350005,6067.75,-6464.249999999997,2026-04-17,True
2026-YTD,2026-04-22,2026-04-23,2026-04-28,2026-04-28,434.8920027849988,5697.250000000001,-14072.500000000004,2026-04-24,True
2026-YTD,2026-04-29,2026-04-30,2026-05-05,2026-05-05,3275.6610890700003,6103.499999999999,-3331.25,2026-05-04,True
2026-YTD,2026-05-06,2026-05-07,2026-05-11,2026-05-12,-4634.814923915002,6649.500000000001,-10962.25,2026-05-11,True
2026-YTD,2026-05-12,2026-05-13,2026-05-19,2026-05-19,3988.655505945,5385.25,-10903.749999999998,2026-05-14,True
2026-YTD,2026-05-20,2026-05-21,2026-05-26,2026-05-26,2941.714566550001,6434.999999999999,-5989.749999999999,2026-05-25,True
2026-YTD,2026-05-27,2026-05-29,2026-06-02,2026-06-02,-6764.736304709997,6031.999999999999,-22863.75,2026-06-02,True
2026-YTD,2026-06-03,2026-06-04,2026-06-09,2026-06-09,2397.634246129999,6974.500000000001,-7400.250000000002,2026-06-08,True
2026-YTD,2026-06-10,2026-06-11,2026-06-15,2026-06-16,-6371.52459309,6987.5,-16831.750000000004,2026-06-15,True
2026-YTD,2026-06-16,2026-06-17,2026-06-22,2026-06-23,1916.9702055199991,7094.75,-2128.7500000000005,2026-06-18,True
2026-YTD,2026-06-23,2026-06-24,2026-06-30,2026-06-30,2703.390736519999,6682.000000000001,-7039.500000000001,2026-06-25,True
2026-YTD,2026-07-01,2026-07-02,2026-07-07,2026-07-07,1021.9070272250002,7881.25,-6636.500000000001,2026-07-07,True
2026-YTD,2026-07-08,2026-07-09,2026-07-14,2026-07-14,1877.3468143749997,7507.5,-5268.250000000001,2026-07-13,True
2026-YTD,2026-07-15,2026-07-16,2026-07-21,2026-07-21,1573.5713357450002,7816.25,-6529.249999999999,2026-07-17,True
2026-YTD,2026-07-22,2026-07-23,2026-07-27,2026-07-28,1577.9422194049994,7546.500000000001,-6568.25,2026-07-24,True
2026-YTD,2026-07-28,2026-07-29,2026-08-03,2026-08-04,-5539.265850514999,5882.499999999999,-10201.749999999996,2026-08-03,True
2026-YTD,2026-08-04,2026-08-05,2026-08-10,2026-08-11,1445.0497696500001,7657.0,-2534.999999999999,2026-08-06,True
2026-YTD,2026-08-11,2026-08-12,2026-08-18,2026-08-18,-52.13837741499978,7842.249999999999,-2957.5,2026-08-18,True
2026-YTD,2026-08-19,2026-08-20,2026-08-24,2026-08-25,996.179343035,8063.25,-1400.7500000000002,2026-08-21,True
2026-YTD,2026-08-25,2026-08-26,2026-09-01,2026-09-01,599.9018438850001,8307.0,-2161.25,2026-08-27,True
2026-YTD,2026-09-02,2026-09-03,2026-09-08,2026-09-08,-3325.4723550299996,8206.25,-8300.499999999998,2026-09-08,True
2026-YTD,2026-09-09,2026-09-10,2026-09-15,2026-09-15,-4500.656771995,8079.500000000001,-9025.25,2026-09-15,True
