actual_regime,strategy,median,mean,count
BEARISH,BATMAN,-0.001487238735385,-0.0021192685422308983,78
BEARISH,BEAR_BUTTERFLY,-0.0015239271675999999,-0.0012873959951412817,78
BEARISH,BEAR_CALL_SPREAD,-0.000517264624425,-0.0005207442204307692,78
BEARISH,BEAR_CONDOR,-0.001444346391985004,-0.0016200544455248712,78
BEARISH,BEAR_PUT_SPREAD,-0.0003839115146449996,-0.00040784892599615333,78
BEARISH,BULL_BUTTERFLY,-0.0015600920091749999,-0.0015654750611891026,78
BEARISH,BULL_CALL_SPREAD,-0.00138504100131,-0.0013820337838923076,78
BEARISH,BULL_CONDOR,-0.002147291635015,-0.0021462738186865385,78
BEARISH,BULL_PUT_SPREAD,-0.001545385895565,-0.0015175591621487184,78
BEARISH,CALL_RATIO_BACKSPREAD,-0.0010117004411500001,-0.0011597567390794871,78
BEARISH,CALL_RATIO_SPREAD,-0.0008933380861500001,-0.0007463120589512821,78
BEARISH,DOUBLE_PLATEAU,-0.0030620216946749997,-0.0028528710563303842,78
BEARISH,JADE_LIZARD,-0.001803268180930002,-0.0024453962828594887,78
BEARISH,LONG_CALENDAR_CALL,-0.00130019889984,-0.0014000353356073332,75
BEARISH,LONG_CALENDAR_PUT,-0.0007724155399600005,-0.001138363849301468,75
BEARISH,LONG_CALL,-0.001592247370555,-0.0017000772964685896,78
BEARISH,LONG_IRON_BUTTERFLY,-0.002060861840665,-0.0020383033825794876,78
BEARISH,LONG_IRON_CONDOR,-0.0021975370054900002,-0.002011357492187308,78
BEARISH,LONG_PUT,0.0006315038802200036,0.0012733073220691042,78
BEARISH,LONG_STRADDLE,-0.0008084782473899947,-0.00042676997439948527,78
BEARISH,LONG_STRANGLE,-0.0010454623819499999,-0.0005485027379158961,78
BEARISH,LONG_SYNTHETIC_FUTURE,-0.0031927955031250017,-0.0039380580542123095,78
BEARISH,PUT_RATIO_BACKSPREAD,-0.0013651436613299997,-0.0005524533172103836,78
BEARISH,PUT_RATIO_SPREAD,-0.00055596154088,-0.0013729564832796165,78
BEARISH,RANGE_FORWARD,-0.0020953352687549985,-0.002950080581576155,78
BEARISH,REVERSE_JADE_LIZARD,-0.0009450026341300035,-0.0008941620069524361,78
BEARISH,REVERSE_RISK_REVERSAL,-0.0020953352687549985,-0.002950080581576155,78
BEARISH,RISK_REVERSAL,0.00018649225464499814,0.0010384651081712833,78
BEARISH,SHORT_CALL,0.0006406043760450001,0.0007481801130801283,78
BEARISH,SHORT_IRON_BUTTERFLY,-0.0017715913347699998,-0.0017898827098884607,78
BEARISH,SHORT_IRON_CONDOR,-0.001631452357605004,-0.0018073646960770511,78
BEARISH,SHORT_PUT,-0.0015938710665800036,-0.00223798075774372,78
BEARISH,SHORT_STRADDLE,-0.0011032791100900052,-0.0014898006446635915,78
BEARISH,SHORT_STRANGLE,-0.0008606160446500001,-0.0013631127354889756,78
BEARISH,SHORT_SYNTHETIC_FUTURE,0.0012794209002750018,0.002021487435149233,78
BEARISH,STRAP,-0.00171843744897,-0.0016543020256815366,78
BEARISH,STRIP,0.00022608393010500365,0.0013251595127800038,78
BULLISH,BATMAN,-0.001568802846629989,-0.0017994999009750818,122
BULLISH,BEAR_BUTTERFLY,-0.00154353071566,-0.0015431982979221312,122
BULLISH,BEAR_CALL_SPREAD,-0.0015046939772249998,-0.0014925044879243446,122
BULLISH,BEAR_CONDOR,-0.002117291620415,-0.002138219359153033,122
BULLISH,BEAR_PUT_SPREAD,-0.001350353391935,-0.001356204268994836,122
BULLISH,BULL_BUTTERFLY,-0.0015476340327799996,-0.0013108869015651641,122
BULLISH,BULL_CALL_SPREAD,-0.00042652098867499973,-0.0004292937520800816,122
BULLISH,BULL_CONDOR,-0.0016362432351349943,-0.0016572574151726227,122
BULLISH,BULL_PUT_SPREAD,-0.000551895758045,-0.0005468897166587705,122
BULLISH,CALL_RATIO_BACKSPREAD,-0.00110983712473,-0.0007819174970938527,122
BULLISH,CALL_RATIO_SPREAD,-0.0008022856752300034,-0.0011400188318987702,122
BULLISH,DOUBLE_PLATEAU,-0.0030607269170550015,-0.0028540851994872953,122
BULLISH,JADE_LIZARD,-0.0008475570039649965,-0.0008300782145120493,122
BULLISH,LONG_CALENDAR_CALL,-0.0009097671097799999,-0.001144272009005777,116
BULLISH,LONG_CALENDAR_PUT,-0.0011671108991550003,-0.0011341469858237932,116
BULLISH,LONG_CALL,0.000750926195634991,0.0010261166611024602,122
BULLISH,LONG_IRON_BUTTERFLY,-0.0020559245324849994,-0.002039394204583115,122
BULLISH,LONG_IRON_CONDOR,-0.0022162709398149995,-0.002016386733178361,122
BULLISH,LONG_PUT,-0.001638267802835,-0.0017540897175753278,122
BULLISH,LONG_STRADDLE,-0.0011192075517300038,-0.0007279730564728675,122
BULLISH,LONG_STRANGLE,-0.0012731685948550037,-0.0008523886254512286,122
BULLISH,LONG_SYNTHETIC_FUTURE,0.001545975133819991,0.001828181871110739,122
BULLISH,PUT_RATIO_BACKSPREAD,-0.00117312927132,-0.001246973334445164,122
BULLISH,PUT_RATIO_SPREAD,-0.00073275001132,-0.0006594810690763115,122
BULLISH,RANGE_FORWARD,0.0005621150747550001,0.0008944517497963125,122
BULLISH,REVERSE_JADE_LIZARD,-0.001855059194765002,-0.0022374255033407384,122
BULLISH,REVERSE_RISK_REVERSAL,0.0005621150747550001,0.0008944517497963125,122
BULLISH,RISK_REVERSAL,-0.002471159728645,-0.002804365339849591,122
BULLISH,SHORT_CALL,-0.001713772718664991,-0.001989070789140165,122
BULLISH,SHORT_IRON_BUTTERFLY,-0.0017729039566650002,-0.0017854980210749176,122
BULLISH,SHORT_IRON_CONDOR,-0.0016144371418749998,-0.0017991351468767207,122
BULLISH,SHORT_PUT,0.0006865163237649999,0.0008020652100082787,122
BULLISH,SHORT_STRADDLE,-0.0007934648494299963,-0.0011870055791318864,122
BULLISH,SHORT_STRANGLE,-0.0006351555800549963,-0.0010575249646020502,122
BULLISH,SHORT_SYNTHETIC_FUTURE,-0.0034593491470799906,-0.003743160506715493,122
BULLISH,STRAP,-7.535409271001455e-05,0.000775723664838609,122
BULLISH,STRIP,-0.0022222170997950033,-0.002009493548276146,122
RANGE_BOUND,BATMAN,-0.0017886027933499997,-0.0016298857431135294,51
RANGE_BOUND,BEAR_BUTTERFLY,-0.0015301684894299854,-0.0014220109585464712,51
RANGE_BOUND,BEAR_CALL_SPREAD,-0.0007134473221699926,-0.0008125391051186267,51
RANGE_BOUND,BEAR_CONDOR,-0.0020901170256,-0.001998460550496667,51
RANGE_BOUND,BEAR_PUT_SPREAD,-0.0013158161280099926,-0.0012137500868521576,51
RANGE_BOUND,BULL_BUTTERFLY,-0.001445706111880007,-0.0013190421218860792,51
RANGE_BOUND,BULL_CALL_SPREAD,-0.0011930886262700073,-0.0010923693706225497,51
RANGE_BOUND,BULL_CONDOR,-0.002019659999250007,-0.0019033357306066673,51
RANGE_BOUND,BULL_PUT_SPREAD,-0.0005923541639100074,-0.0006914703547266659,51
RANGE_BOUND,CALL_RATIO_BACKSPREAD,-0.0009391362735500002,-0.0010224780174529413,51
RANGE_BOUND,CALL_RATIO_SPREAD,-0.0009657371685499998,-0.0008826392374529412,51
RANGE_BOUND,DOUBLE_PLATEAU,-0.002721369317300007,-0.0027410530804325506,51
RANGE_BOUND,JADE_LIZARD,-0.0006451331766299998,-0.000543494410715098,51
RANGE_BOUND,LONG_CALENDAR_CALL,-0.00084433799652,-0.0007709702664902041,49
RANGE_BOUND,LONG_CALENDAR_PUT,-0.0007197954869899999,-0.0006504330241932653,49
RANGE_BOUND,LONG_CALL,-0.0011671461583599929,-0.0011874464573743144,51
RANGE_BOUND,LONG_IRON_BUTTERFLY,-0.0015017541188399998,-0.0015040094598452926,51
RANGE_BOUND,LONG_IRON_CONDOR,-0.0013794332540999997,-0.0013814630183096078,51
RANGE_BOUND,LONG_PUT,-0.00140441397576,-0.001481222036121177,51
RANGE_BOUND,LONG_STRADDLE,-0.0025156574648900003,-0.0026686684934954918,51
RANGE_BOUND,LONG_STRANGLE,-0.00210801680343,-0.0022636643396301962,51
RANGE_BOUND,LONG_SYNTHETIC_FUTURE,-0.0005339821524200073,-0.0006606835365837256,51
RANGE_BOUND,PUT_RATIO_BACKSPREAD,-0.0010888734897900002,-0.0011586418636017647,51
RANGE_BOUND,PUT_RATIO_SPREAD,-0.0008165140747900001,-0.0007472465056605882,51
RANGE_BOUND,RANGE_FORWARD,-0.00081535162647,-0.0007779591148439216,51
RANGE_BOUND,REVERSE_JADE_LIZARD,-0.0007659319697600004,-0.000689633376892745,51
RANGE_BOUND,REVERSE_RISK_REVERSAL,-0.00081535162647,-0.0007779591148439216,51
RANGE_BOUND,RISK_REVERSAL,-0.0010857122878899998,-0.0011231561887654902,51
RANGE_BOUND,SHORT_CALL,0.0002078306898399927,0.00023289195899431445,51
RANGE_BOUND,SHORT_IRON_BUTTERFLY,-0.0023081550779400005,-0.0023061194574747076,51
RANGE_BOUND,SHORT_IRON_CONDOR,-0.0024206673841,-0.0024195426058586274,51
RANGE_BOUND,SHORT_PUT,0.0004532137633400001,0.0005267629207905889,51
RANGE_BOUND,SHORT_STRADDLE,0.0006080272374100002,0.0007596548797849035,51
RANGE_BOUND,SHORT_STRANGLE,0.00020726840976999995,0.0003625490360207843,51
RANGE_BOUND,SHORT_SYNTHETIC_FUTURE,-0.0013763684433199927,-0.0012483300771268628,51
RANGE_BOUND,STRAP,-0.003094296244459985,-0.00338318810133863,51
RANGE_BOUND,STRIP,-0.0036016355903,-0.0036770802582013744,51
