entry_date,expiry,strategy,gross_pnl,cost,net_pnl,return_on_capital,target_return,pred_regime,pred_close,pred_low,pred_high,selected_rank
2023-06-30,2023-07-06,SHORT_CALL,-235.74999999999855,47.42463804100001,-283.17463804099856,-0.0028317463804099856,0.014269582711402329,RANGE_BOUND,19328.65563128258,18956.046569455717,19738.29990157892,3
2023-06-30,2023-07-06,SHORT_PUT,117.35,47.425808203,69.92419179699999,0.0006992419179699999,0.014269582711402329,RANGE_BOUND,19328.65563128258,18956.046569455717,19738.29990157892,2
2023-06-30,2023-07-06,SHORT_STRADDLE,-118.39999999999856,94.850446244,-213.25044624399857,-0.0021325044624399855,0.014269582711402329,RANGE_BOUND,19328.65563128258,18956.046569455717,19738.29990157892,1
2023-07-07,2023-07-13,SHORT_CALL,-5.999999999999275,47.366099428,-53.36609942799927,-0.0005336609942799927,0.003933293811377192,RANGE_BOUND,19444.428777255496,19069.16461289189,19856.992052086753,3
2023-07-07,2023-07-13,SHORT_PUT,115.35,47.421979842999995,67.92802015699999,0.0006792802015699999,0.003933293811377192,RANGE_BOUND,19444.428777255496,19069.16461289189,19856.992052086753,2
2023-07-07,2023-07-13,SHORT_STRADDLE,109.35000000000072,94.78807927099999,14.561920729000732,0.00014561920729000733,0.003933293811377192,RANGE_BOUND,19444.428777255496,19069.16461289189,19856.992052086753,1
2023-07-14,2023-07-20,SHORT_CALL,-302.75000000000074,47.49472605700001,-350.2447260570008,-0.003502447260570008,0.018947540289353748,RANGE_BOUND,19691.915572979928,19312.775635988015,20108.73985005942,3
2023-07-14,2023-07-20,SHORT_PUT,97.1,47.387046057999996,49.712953942,0.00049712953942,0.018947540289353748,RANGE_BOUND,19691.915572979928,19312.775635988015,20108.73985005942,2
2023-07-14,2023-07-20,SHORT_STRADDLE,-205.65000000000074,94.88177211499998,-300.5317721150007,-0.003005317721150007,0.018947540289353748,RANGE_BOUND,19691.915572979928,19312.775635988015,20108.73985005942,1
2023-07-21,2023-07-27,SHORT_CALL,97.75,47.388290274999996,50.361709725000004,0.0005036170972500001,-0.006548208976355663,RANGE_BOUND,19863.101088391475,19480.526444985004,20283.701462047833,3
2023-07-21,2023-07-27,SHORT_PUT,-31.849999999998545,47.501277463,-79.35127746299855,-0.0007935127746299855,-0.006548208976355663,RANGE_BOUND,19863.101088391475,19480.526444985004,20283.701462047833,2
2023-07-21,2023-07-27,SHORT_STRADDLE,65.90000000000146,94.88956773799998,-28.989567737998527,-0.00028989567737998525,-0.006548208976355663,RANGE_BOUND,19863.101088391475,19480.526444985004,20283.701462047833,1
2023-07-28,2023-08-03,SHORT_CALL,58.6,47.313350127999996,11.286649872000005,0.00011286649872000006,-0.014360716491661374,RANGE_BOUND,19743.47240958372,19361.373653407878,20163.549595542016,3
2023-07-28,2023-08-03,SHORT_PUT,-140.19999999999854,47.59751491,-187.79751490999854,-0.0018779751490999854,-0.014360716491661374,RANGE_BOUND,19743.47240958372,19361.373653407878,20163.549595542016,2
2023-07-28,2023-08-03,SHORT_STRADDLE,-81.59999999999854,94.91086503799998,-176.51086503799854,-0.0017651086503799854,-0.014360716491661374,RANGE_BOUND,19743.47240958372,19361.373653407878,20163.549595542016,1
2023-08-04,2023-08-10,LONG_CALL,-57.3,47.225451514,-104.525451514,-0.00104525451514,0.0010497413958239221,BULLISH,19706.66216624812,19327.959426468085,20123.00579121476,2
2023-08-04,2023-08-10,SHORT_PUT,124.79999999999927,47.447615596,77.35238440399928,0.0007735238440399928,0.0010497413958239221,BULLISH,19706.66216624812,19327.959426468085,20123.00579121476,3
2023-08-04,2023-08-10,LONG_SYNTHETIC_FUTURE,67.49999999999928,94.67306711000002,-27.173067110000744,-0.00027173067110000746,0.0010497413958239221,BULLISH,19706.66216624812,19327.959426468085,20123.00579121476,1
2023-08-11,2023-08-17,SHORT_CALL,75.8,47.346274023999996,28.453725976,0.00028453725976,-0.005662839315332069,RANGE_BOUND,19562.235492662177,19184.923659056214,19977.049963340578,3
2023-08-11,2023-08-17,SHORT_PUT,-9.24999999999855,47.433695011,-56.68369501099855,-0.0005668369501099855,-0.005662839315332069,RANGE_BOUND,19562.235492662177,19184.923659056214,19977.049963340578,2
2023-08-11,2023-08-17,SHORT_STRADDLE,66.55000000000145,94.77996903500001,-28.22996903499856,-0.00028229969034998563,-0.005662839315332069,RANGE_BOUND,19562.235492662177,19184.923659056214,19977.049963340578,1
2023-08-18,2023-08-24,LONG_CALL,-25.75000000000145,47.317799671,-73.06779967100145,-0.0007306779967100145,0.0033158316736932036,BULLISH,19491.07173037551,19117.103681640037,19902.210063102284,2
2023-08-18,2023-08-24,SHORT_PUT,103.4,47.399105391999996,56.00089460800001,0.0005600089460800001,0.0033158316736932036,BULLISH,19491.07173037551,19117.103681640037,19902.210063102284,3
2023-08-18,2023-08-24,LONG_SYNTHETIC_FUTURE,77.64999999999856,94.71690506300001,-17.066905063001457,-0.00017066905063001456,0.0033158316736932036,BULLISH,19491.07173037551,19117.103681640037,19902.210063102284,1
2023-08-25,2023-08-31,SHORT_CALL,94.5,47.38678590999999,47.11321409000001,0.0004711321409000001,8.831031204703521e-05,RANGE_BOUND,19342.25610647996,18969.85887250575,19751.667494447283,3
2023-08-25,2023-08-31,SHORT_PUT,89.75,47.372976834999996,42.377023165000004,0.00042377023165000003,8.831031204703521e-05,RANGE_BOUND,19342.25610647996,18969.85887250575,19751.667494447283,2
2023-08-25,2023-08-31,SHORT_STRADDLE,184.25,94.75976274499999,89.49023725500001,0.0008949023725500001,8.831031204703521e-05,RANGE_BOUND,19342.25610647996,18969.85887250575,19751.667494447283,1
2023-09-01,2023-09-07,LONG_CALL,211.15000000000072,47.738723545000006,163.41127645500072,0.0016341127645500071,0.01315081411021879,BULLISH,19621.158170099814,19243.696412671194,20036.137466170898,2
2023-09-01,2023-09-07,SHORT_PUT,114.95,47.421214171,67.528785829,0.00067528785829,0.01315081411021879,BULLISH,19621.158170099814,19243.696412671194,20036.137466170898,3
2023-09-01,2023-09-07,LONG_SYNTHETIC_FUTURE,326.1000000000007,95.159937716,230.9400622840007,0.002309400622840007,0.01315081411021879,BULLISH,19621.158170099814,19243.696412671194,20036.137466170898,1
2023-09-08,2023-09-14,SHORT_CALL,-245.2,47.491214164,-292.691214164,-0.00292691214164,0.015073632088645317,RANGE_BOUND,19902.254769049032,19517.822037492082,20324.897914185018,3
2023-09-08,2023-09-14,SHORT_PUT,97.55,47.387907438999996,50.162092561,0.00050162092561,0.015073632088645317,RANGE_BOUND,19902.254769049032,19517.822037492082,20324.897914185018,2
2023-09-08,2023-09-14,SHORT_STRADDLE,-147.64999999999998,94.87912160300002,-242.529121603,-0.00242529121603,0.015073632088645317,RANGE_BOUND,19902.254769049032,19517.822037492082,20324.897914185018,1
2023-09-15,2023-09-21,LONG_CALL,-73.5,47.23264723,-120.73264723,-0.0012073264723,-0.023254780341339987,BULLISH,20417.926023009433,20026.197321166648,20848.590316126065,2
2023-09-15,2023-09-21,SHORT_PUT,-372.5999999999993,47.59945078,-420.19945077999927,-0.004201994507799993,-0.023254780341339987,BULLISH,20417.926023009433,20026.197321166648,20848.590316126065,3
2023-09-15,2023-09-21,LONG_SYNTHETIC_FUTURE,-446.0999999999993,94.83209801000001,-540.9320980099993,-0.005409320980099993,-0.023254780341339987,BULLISH,20417.926023009433,20026.197321166648,20848.590316126065,1
2023-09-22,2023-09-28,SHORT_CALL,96.2,47.385323295999996,48.81467670400001,0.00048814676704000005,-0.009402153920312517,RANGE_BOUND,19765.372885295255,19384.116604277704,20184.52385888564,3
2023-09-22,2023-09-28,SHORT_PUT,-90.29999999999927,47.445876364,-137.7458763639993,-0.0013774587636399928,-0.009402153920312517,RANGE_BOUND,19765.372885295255,19384.116604277704,20184.52385888564,2
2023-09-22,2023-09-28,SHORT_STRADDLE,5.90000000000073,94.83119966,-88.93119965999927,-0.0008893119965999927,-0.009402153920312517,RANGE_BOUND,19765.372885295255,19384.116604277704,20184.52385888564,1
2023-09-29,2023-10-05,SHORT_CALL,63.1,47.321963938,15.778036061999998,0.00015778036061999998,-0.007154092039169946,RANGE_BOUND,19792.248216768112,19410.977426993526,20211.41514120295,3
2023-09-29,2023-10-05,SHORT_PUT,-26.950000000000003,47.46089554899999,-74.410895549,-0.00074410895549,-0.007154092039169946,RANGE_BOUND,19792.248216768112,19410.977426993526,20211.41514120295,2
2023-09-29,2023-10-05,SHORT_STRADDLE,36.15,94.782859487,-58.632859487,-0.0005863285948699999,-0.007154092039169946,RANGE_BOUND,19792.248216768112,19410.977426993526,20211.41514120295,1
2023-10-06,2023-10-12,SHORT_CALL,-75.5,47.395083250000006,-122.89508325,-0.0012289508325,0.00838478542571841,RANGE_BOUND,19747.181541411206,19366.500774422566,20165.69979817162,3
2023-10-06,2023-10-12,SHORT_PUT,104.35,47.400923862999996,56.949076137,0.00056949076137,0.00838478542571841,RANGE_BOUND,19747.181541411206,19366.500774422566,20165.69979817162,2
2023-10-06,2023-10-12,SHORT_STRADDLE,28.849999999999994,94.796007113,-65.94600711300001,-0.0006594600711300001,0.00838478542571841,RANGE_BOUND,19747.181541411206,19366.500774422566,20165.69979817162,1
2023-10-13,2023-10-19,SHORT_CALL,94.7,47.382452026,47.317547974,0.00047317547974,-0.00624555200701038,RANGE_BOUND,19653.240724140334,19271.3305818059,20073.110549120738,3
2023-10-13,2023-10-19,SHORT_PUT,-35.5,47.442760539999995,-82.94276054,-0.0008294276054,-0.00624555200701038,RANGE_BOUND,19653.240724140334,19271.3305818059,20073.110549120738,2
2023-10-13,2023-10-19,SHORT_STRADDLE,59.2,94.82521256599999,-35.62521256599999,-0.00035625212565999987,-0.00624555200701038,RANGE_BOUND,19653.240724140334,19271.3305818059,20073.110549120738,1
2023-10-20,2023-10-26,SHORT_CALL,85.3,47.364458734,37.935541265999994,0.0003793554126599999,-0.03436886293165908,RANGE_BOUND,19601.24969699562,19223.48325566934,20016.56396080022,3
2023-10-20,2023-10-26,SHORT_PUT,-587.6499999999993,47.71136229100001,-635.3613622909993,-0.006353613622909993,-0.03436886293165908,RANGE_BOUND,19601.24969699562,19223.48325566934,20016.56396080022,2
2023-10-20,2023-10-26,SHORT_STRADDLE,-502.3499999999993,95.075821025,-597.4258210249993,-0.005974258210249993,-0.03436886293165908,RANGE_BOUND,19601.24969699562,19223.48325566934,20016.56396080022,1
2023-10-27,2023-11-02,LONG_CALL,18.849999999998545,47.399988313,-28.549988313001457,-0.0002854998831300146,0.005619049361388573,BULLISH,19302.762375703933,18932.666230594896,19709.643959740995,2
2023-10-27,2023-11-02,SHORT_PUT,154.35,47.496632863,106.85336713699999,0.00106853367137,0.005619049361388573,BULLISH,19302.762375703933,18932.666230594896,19709.643959740995,3
2023-10-27,2023-11-02,LONG_SYNTHETIC_FUTURE,173.19999999999854,94.89662117599998,78.30337882399856,0.0007830337882399856,0.005619049361388573,BULLISH,19302.762375703933,18932.666230594896,19709.643959740995,1
2023-11-03,2023-11-09,SHORT_CALL,-117.69999999999854,47.411233450000005,-165.11123344999854,-0.0016511123344999854,0.009376489359497642,RANGE_BOUND,19341.93170608076,18968.503383106854,19752.47666739388,3
2023-11-03,2023-11-09,SHORT_PUT,117.0,47.42513824,69.57486176,0.0006957486176,0.009376489359497642,RANGE_BOUND,19341.93170608076,18968.503383106854,19752.47666739388,2
2023-11-03,2023-11-09,SHORT_STRADDLE,-0.6999999999985391,94.83637169000001,-95.53637168999855,-0.0009553637168999854,0.009376489359497642,RANGE_BOUND,19341.93170608076,18968.503383106854,19752.47666739388,1
2023-11-10,2023-11-16,SHORT_CALL,-274.6000000000007,47.45309664399999,-322.0530966440007,-0.0032205309664400067,0.01781328515371361,RANGE_BOUND,19464.451407375676,19087.55936047315,19878.80436695457,3
2023-11-10,2023-11-16,SHORT_PUT,115.8,47.422841224,68.37715877599999,0.0006837715877599999,0.01781328515371361,RANGE_BOUND,19464.451407375676,19087.55936047315,19878.80436695457,2
2023-11-10,2023-11-16,SHORT_STRADDLE,-158.8000000000007,94.87593786800002,-253.67593786800072,-0.002536759378680007,0.01781328515371361,RANGE_BOUND,19464.451407375676,19087.55936047315,19878.80436695457,1
2023-11-17,2023-11-23,LONG_CALL,-19.400000000000006,47.369575162,-66.769575162,-0.0006676957516199999,0.0031429076313331805,BULLISH,19946.995180091148,19563.838251902485,20368.235714304887,2
2023-11-17,2023-11-23,SHORT_PUT,106.55,47.405135058999996,59.144864941,0.00059144864941,0.0031429076313331805,BULLISH,19946.995180091148,19563.838251902485,20368.235714304887,3
2023-11-17,2023-11-23,LONG_SYNTHETIC_FUTURE,87.14999999999999,94.77471022100002,-7.624710221000029,-7.624710221000029e-05,0.0031429076313331805,BULLISH,19946.995180091148,19563.838251902485,20368.235714304887,1
2023-11-24,2023-11-30,LONG_CALL,211.70000000000147,47.763713698000004,163.93628630200146,0.0016393628630200147,0.01525448947014052,BULLISH,19946.187506676608,19562.634973046224,20367.8629672491,2
2023-11-24,2023-11-30,SHORT_PUT,89.0,47.3715412,41.6284588,0.000416284588,0.01525448947014052,BULLISH,19946.187506676608,19562.634973046224,20367.8629672491,3
2023-11-24,2023-11-30,LONG_SYNTHETIC_FUTURE,300.70000000000147,95.135254898,205.56474510200147,0.0020556474510200146,0.01525448947014052,BULLISH,19946.187506676608,19562.634973046224,20367.8629672491,1
2023-12-01,2023-12-07,LONG_CALL,557.2999999999993,48.438932793999996,508.8610672059993,0.005088610672059993,0.03217890420438607,BULLISH,20561.63955482816,20167.482087058328,20994.974019306243,2
2023-12-01,2023-12-07,SHORT_PUT,174.5,47.535203589999995,126.96479641,0.0012696479641,0.03217890420438607,BULLISH,20561.63955482816,20167.482087058328,20994.974019306243,3
2023-12-01,2023-12-07,LONG_SYNTHETIC_FUTURE,731.7999999999993,95.97413638399999,635.8258636159993,0.006358258636159993,0.03217890420438607,BULLISH,20561.63955482816,20167.482087058328,20994.974019306243,1
2023-12-08,2023-12-14,SHORT_CALL,-190.35000000000144,47.491613671,-237.84161367100145,-0.0023784161367100144,0.011988137603796023,RANGE_BOUND,21175.15476659632,20767.4586940153,21623.373495728403,3
2023-12-08,2023-12-14,SHORT_PUT,121.05,47.432890669,73.617109331,0.0007361710933099999,0.011988137603796023,RANGE_BOUND,21175.15476659632,20767.4586940153,21623.373495728403,2
2023-12-08,2023-12-14,SHORT_STRADDLE,-69.30000000000145,94.92450434,-164.22450434000143,-0.0016422450434000143,0.011988137603796023,RANGE_BOUND,21175.15476659632,20767.4586940153,21623.373495728403,1
2023-12-15,2023-12-21,SHORT_CALL,98.55,47.389821619,51.160178380999994,0.00051160178381,-0.009588488247491367,RANGE_BOUND,21643.08986563561,21226.067564034838,22101.561797582148,3
2023-12-15,2023-12-21,SHORT_PUT,-60.149999999998556,47.556769908999996,-107.70676990899855,-0.0010770676990899855,-0.009588488247491367,RANGE_BOUND,21643.08986563561,21226.067564034838,22101.561797582148,2
2023-12-15,2023-12-21,SHORT_STRADDLE,38.40000000000144,94.946591528,-56.54659152799856,-0.0005654659152799856,-0.009588488247491367,RANGE_BOUND,21643.08986563561,21226.067564034838,22101.561797582148,1
2023-12-22,2023-12-28,SHORT_CALL,-248.95000000000073,47.608321561000004,-296.55832156100075,-0.0029655832156100076,0.017397622223727982,RANGE_BOUND,21387.422650213466,20973.393988813492,21842.603391254514,3
2023-12-22,2023-12-28,SHORT_PUT,117.0,47.42513824,69.57486176,0.0006957486176,0.017397622223727982,RANGE_BOUND,21387.422650213466,20973.393988813492,21842.603391254514,2
2023-12-22,2023-12-28,SHORT_STRADDLE,-131.95000000000073,95.03345980099999,-226.98345980100072,-0.002269834598010007,0.017397622223727982,RANGE_BOUND,21387.422650213466,20973.393988813492,21842.603391254514,1
2023-12-29,2024-01-04,SHORT_CALL,84.4,47.362735972,37.037264028,0.00037037264028,-0.0045691413897956945,RANGE_BOUND,21982.937261802337,21559.553353868545,22448.40310734674,3
2023-12-29,2024-01-04,SHORT_PUT,80.20000000000073,47.62366737399999,32.576332626000735,0.00032576332626000736,-0.0045691413897956945,RANGE_BOUND,21982.937261802337,21559.553353868545,22448.40310734674,2
2023-12-29,2024-01-04,SHORT_STRADDLE,164.60000000000073,94.986403346,69.61359665400073,0.0006961359665400073,-0.0045691413897956945,RANGE_BOUND,21982.937261802337,21559.553353868545,22448.40310734674,1
2024-01-05,2024-01-11,SHORT_CALL,78.45,47.351346601,31.098653399,0.00031098653399,-0.005295071774835458,RANGE_BOUND,21769.31190011907,21347.70966754873,22232.818981964636,3
2024-01-05,2024-01-11,SHORT_PUT,20.900000000000716,47.5278442,-26.62784419999928,-0.0002662784419999928,-0.005295071774835458,RANGE_BOUND,21769.31190011907,21347.70966754873,22232.818981964636,2
2024-01-05,2024-01-11,SHORT_STRADDLE,99.35000000000072,94.879190801,4.470809199000726,4.470809199000726e-05,-0.005295071774835458,RANGE_BOUND,21769.31190011907,21347.70966754873,22232.818981964636,1
2024-01-12,2024-01-18,SHORT_CALL,116.8,47.424755403999995,69.375244596,0.00069375244596,-0.01911650795097275,RANGE_BOUND,21936.799629760168,21512.234709004024,22403.56387404305,3
2024-01-12,2024-01-18,SHORT_PUT,-278.1499999999993,47.665275031,-325.8152750309993,-0.0032581527503099932,-0.01911650795097275,RANGE_BOUND,21936.799629760168,21512.234709004024,22403.56387404305,2
2024-01-12,2024-01-18,SHORT_STRADDLE,-161.34999999999928,95.090030435,-256.4400304349993,-0.0025644003043499932,-0.01911650795097275,RANGE_BOUND,21936.799629760168,21512.234709004024,22403.56387404305,1
2024-01-19,2024-01-25,SHORT_CALL,157.95,47.503523911,110.44647608899999,0.0011044647608899998,-0.015997489866026227,RANGE_BOUND,21741.036304298086,21321.7883593687,22201.955095783727,3
2024-01-19,2024-01-25,SHORT_PUT,-190.74999999999926,47.601455083000005,-238.35145508299928,-0.002383514550829993,-0.015997489866026227,RANGE_BOUND,21741.036304298086,21321.7883593687,22201.955095783727,2
2024-01-19,2024-01-25,SHORT_STRADDLE,-32.79999999999927,95.10497899399999,-127.90497899399926,-0.0012790497899399927,-0.015997489866026227,RANGE_BOUND,21741.036304298086,21321.7883593687,22201.955095783727,1
2024-01-29,2024-02-01,SHORT_CALL,134.05,47.45777500899999,86.59222499100002,0.0008659222499100002,-0.00474943091476876,RANGE_BOUND,21937.680619358835,21514.89060321286,22402.49354367029,3
2024-01-29,2024-02-01,SHORT_PUT,114.45000000000073,47.652673459,66.79732654100073,0.0006679732654100073,-0.00474943091476876,RANGE_BOUND,21937.680619358835,21514.89060321286,22402.49354367029,2
2024-01-29,2024-02-01,SHORT_STRADDLE,248.50000000000074,95.11044846800002,153.38955153200072,0.0015338955153200073,-0.00474943091476876,RANGE_BOUND,21937.680619358835,21514.89060321286,22402.49354367029,1
2024-02-02,2024-02-08,SHORT_CALL,122.8,47.436240483999995,75.363759516,0.00075363759516,-0.006231948759532591,RANGE_BOUND,22020.95992075986,21596.30988196247,22487.817743330204,3
2024-02-02,2024-02-08,SHORT_PUT,52.94999999999854,47.621856955000005,5.328143044998534,5.3281430449985335e-05,-0.006231948759532591,RANGE_BOUND,22020.95992075986,21596.30988196247,22487.817743330204,2
2024-02-02,2024-02-08,SHORT_STRADDLE,175.74999999999852,95.05809743900001,80.69190256099851,0.0008069190256099852,-0.006231948759532591,RANGE_BOUND,22020.95992075986,21596.30988196247,22487.817743330204,1
2024-02-09,2024-02-15,SHORT_CALL,-29.199999999999278,47.510948842,-76.71094884199928,-0.0007671094884199928,0.007437301420160747,RANGE_BOUND,21760.752487652127,21338.207185874748,22225.296374387144,3
2024-02-09,2024-02-15,SHORT_PUT,183.05,47.551569829,135.498430171,0.00135498430171,0.007437301420160747,RANGE_BOUND,21760.752487652127,21338.207185874748,22225.296374387144,2
2024-02-09,2024-02-15,SHORT_STRADDLE,153.85000000000073,95.062518671,58.78748132900073,0.0005878748132900072,0.007437301420160747,RANGE_BOUND,21760.752487652127,21338.207185874748,22225.296374387144,1
2024-02-16,2024-02-22,SHORT_CALL,-13.849999999999994,47.512502856999994,-61.36250285699999,-0.0006136250285699999,0.006582103195793332,RANGE_BOUND,22164.74751639628,21737.265368226366,22634.71894380387,3
2024-02-16,2024-02-22,SHORT_PUT,173.1,47.532523737999995,125.567476262,0.00125567476262,0.006582103195793332,RANGE_BOUND,22164.74751639628,21737.265368226366,22634.71894380387,2
2024-02-16,2024-02-22,SHORT_STRADDLE,159.25,95.04502659500001,64.20497340499999,0.0006420497340499999,0.006582103195793332,RANGE_BOUND,22164.74751639628,21737.265368226366,22634.71894380387,1
2024-02-23,2024-02-29,LONG_CALL,-140.0,47.2621852,-187.2621852,-0.001872621852,-0.012211607887947284,BULLISH,22355.05132905933,21925.034017410802,22827.809900687687,2
2024-02-23,2024-02-29,SHORT_PUT,-136.44999999999854,47.630045454999994,-184.08004545499853,-0.0018408004545499852,-0.012211607887947284,BULLISH,22355.05132905933,21925.034017410802,22827.809900687687,3
2024-02-23,2024-02-29,LONG_SYNTHETIC_FUTURE,-276.44999999999857,94.892230655,-371.34223065499856,-0.0037134223065499856,-0.012211607887947284,BULLISH,22355.05132905933,21925.034017410802,22827.809900687687,1
2024-03-01,2024-03-07,SHORT_CALL,8.200000000001452,47.458253602,-39.25825360199855,-0.0003925825360199855,0.004863388465102814,RANGE_BOUND,22511.6419325452,22077.478018137117,22988.959255518257,3
2024-03-01,2024-03-07,SHORT_PUT,202.05,47.587939249,154.46206075100002,0.0015446206075100002,0.004863388465102814,RANGE_BOUND,22511.6419325452,22077.478018137117,22988.959255518257,2
2024-03-01,2024-03-07,SHORT_STRADDLE,210.25000000000148,95.046192851,115.20380714900148,0.0011520380714900148,0.004863388465102814,RANGE_BOUND,22511.6419325452,22077.478018137117,22988.959255518257,1
2024-03-11,2024-03-14,SHORT_CALL,100.05,47.39269288899999,52.65730711100001,0.0005265730711100001,-0.006993334478075597,RANGE_BOUND,22448.537419734606,22014.796193781367,22925.390041439263,3
2024-03-11,2024-03-14,SHORT_PUT,-1.250000000000739,47.51822631699999,-48.76822631700073,-0.0004876822631700073,-0.006993334478075597,RANGE_BOUND,22448.537419734606,22014.796193781367,22925.390041439263,2
2024-03-11,2024-03-14,SHORT_STRADDLE,98.79999999999926,94.91091920599999,3.8890807939992698,3.8890807939992695e-05,-0.006993334478075597,RANGE_BOUND,22448.537419734606,22014.796193781367,22925.390041439263,1
2024-03-15,2024-03-21,SHORT_CALL,104.2,47.400636735999996,56.79936326400001,0.0005679936326400001,-0.0013870565485334385,RANGE_BOUND,22186.904748851495,21758.737787349703,22657.629056117272,3
2024-03-15,2024-03-21,SHORT_PUT,137.3,47.57601819399999,89.72398180600001,0.0008972398180600001,-0.0013870565485334385,RANGE_BOUND,22186.904748851495,21758.737787349703,22657.629056117272,2
2024-03-15,2024-03-21,SHORT_STRADDLE,241.5,94.97665493000001,146.52334507,0.0014652334507000001,-0.0013870565485334385,RANGE_BOUND,22186.904748851495,21758.737787349703,22657.629056117272,1
2024-03-22,2024-03-28,LONG_PUT,-109.25,47.24852666500001,-156.498526665,-0.0015649852666500001,0.00797863341371352,BEARISH,22047.291001392834,21618.500163338693,22518.701194970097,3
2024-03-22,2024-03-28,SHORT_CALL,-66.04999999999927,47.528260219,-113.57826021899928,-0.0011357826021899929,0.00797863341371352,BEARISH,22047.291001392834,21618.500163338693,22518.701194970097,2
2024-03-22,2024-03-28,SHORT_SYNTHETIC_FUTURE,-175.29999999999927,94.77678688399999,-270.07678688399926,-0.0027007678688399928,0.00797863341371352,BEARISH,22047.291001392834,21618.500163338693,22518.701194970097,1
2024-04-01,2024-04-04,SHORT_CALL,45.05,47.316302899,-2.266302899000003,-2.266302899000003e-05,0.00042694203321747004,RANGE_BOUND,22686.70645919133,22249.458950288845,23167.41386830548,3
2024-04-01,2024-04-04,SHORT_PUT,173.2,47.532715155999995,125.667284844,0.00125667284844,0.00042694203321747004,RANGE_BOUND,22686.70645919133,22249.458950288845,23167.41386830548,2
2024-04-01,2024-04-04,SHORT_STRADDLE,218.25,94.849018055,123.400981945,0.00123400981945,0.00042694203321747004,RANGE_BOUND,22686.70645919133,22249.458950288845,23167.41386830548,1
2024-04-05,2024-04-10,SHORT_CALL,-129.30000000000146,47.45459136999999,-176.75459137000144,-0.0017675459137000144,0.009599256489124075,RANGE_BOUND,22572.29333893646,22135.183179600543,23052.84974672313,3
2024-04-05,2024-04-10,SHORT_PUT,150.4,47.489071851999995,102.91092814800001,0.0010291092814800002,0.009599256489124075,RANGE_BOUND,22572.29333893646,22135.183179600543,23052.84974672313,2
2024-04-05,2024-04-10,SHORT_STRADDLE,21.099999999998545,94.943663222,-73.84366322200145,-0.0007384366322200145,0.009599256489124075,RANGE_BOUND,22572.29333893646,22135.183179600543,23052.84974672313,1
2024-04-12,2024-04-18,SHORT_CALL,102.9,47.398148301999996,55.50185169800001,0.0005550185169800002,-0.024168803328989963,RANGE_BOUND,22623.255058071125,22186.029795929422,23103.938009223784,3
2024-04-12,2024-04-18,SHORT_PUT,-409.74999999999926,47.70167845300001,-457.45167845299926,-0.004574516784529993,-0.024168803328989963,RANGE_BOUND,22623.255058071125,22186.029795929422,23103.938009223784,2
2024-04-12,2024-04-18,SHORT_STRADDLE,-306.8499999999992,95.099826755,-401.9498267549992,-0.004019498267549992,-0.024168803328989963,RANGE_BOUND,22623.255058071125,22186.029795929422,23103.938009223784,1
2024-04-19,2024-04-25,LONG_CALL,354.1000000000007,48.230032204,305.8699677960007,0.003058699677960007,0.023736143560173062,BULLISH,22283.10357858211,21855.023669622507,22753.732180781168,2
2024-04-19,2024-04-25,SHORT_PUT,168.7,47.524101346,121.17589865399998,0.0012117589865399997,0.023736143560173062,BULLISH,22283.10357858211,21855.023669622507,22753.732180781168,3
2024-04-19,2024-04-25,LONG_SYNTHETIC_FUTURE,522.8000000000006,95.75413355,427.04586645000063,0.004270458664500007,0.023736143560173062,BULLISH,22283.10357858211,21855.023669622507,22753.732180781168,1
2024-04-26,2024-05-02,SHORT_CALL,-121.70000000000073,47.496378196,-169.19637819600072,-0.0016919637819600073,0.009662617485369784,RANGE_BOUND,22517.48091087932,22081.13487941372,22997.197240858124,3
2024-04-26,2024-05-02,SHORT_PUT,158.25,47.504098164999995,110.74590183500001,0.0011074590183500002,0.009662617485369784,RANGE_BOUND,22517.48091087932,22081.13487941372,22997.197240858124,2
2024-04-26,2024-05-02,SHORT_STRADDLE,36.54999999999927,95.00047636100001,-58.45047636100074,-0.0005845047636100074,0.009662617485369784,RANGE_BOUND,22517.48091087932,22081.13487941372,22997.197240858124,1
2024-05-03,2024-05-09,LONG_PUT,338.2000000000007,48.284851456000005,289.9151485440007,0.002899151485440007,-0.02212162018498176,BEARISH,21889.882769546246,21453.16531390064,22370.007441143047,3
2024-05-03,2024-05-09,SHORT_CALL,103.95,47.400158190999996,56.54984180900001,0.0005654984180900001,-0.02212162018498176,BEARISH,21889.882769546246,21453.16531390064,22370.007441143047,2
2024-05-03,2024-05-09,SHORT_SYNTHETIC_FUTURE,442.1500000000007,95.685009647,346.4649903530007,0.003464649903530007,-0.02212162018498176,BEARISH,21889.882769546246,21453.16531390064,22370.007441143047,1
2024-05-10,2024-05-16,LONG_PUT,-188.95,47.283927811000005,-236.233927811,-0.00236233927811,0.01408046755733805,BEARISH,21470.11572468176,21041.80561011059,21940.997413612808,3
2024-05-10,2024-05-16,SHORT_CALL,-190.84999999999854,47.548908073,-238.39890807299855,-0.0023839890807299856,0.01408046755733805,BEARISH,21470.11572468176,21041.80561011059,21940.997413612808,2
2024-05-10,2024-05-16,SHORT_SYNTHETIC_FUTURE,-379.79999999999853,94.83283588399999,-474.6328358839985,-0.004746328358839985,0.01408046755733805,BEARISH,21470.11572468176,21041.80561011059,21940.997413612808,1
2024-05-17,2024-05-23,SHORT_CALL,-389.55000000000075,47.641057933,-437.19105793300076,-0.004371910579330007,0.022446738999986726,RANGE_BOUND,22445.454989871934,22010.236772452903,22923.931407541913,3
2024-05-17,2024-05-23,SHORT_PUT,151.55,47.491273159,104.05872684100001,0.00104058726841,0.022446738999986726,RANGE_BOUND,22445.454989871934,22010.236772452903,22923.931407541913,2
2024-05-17,2024-05-23,SHORT_STRADDLE,-238.00000000000074,95.132331092,-333.13233109200075,-0.0033313233109200074,0.022446738999986726,RANGE_BOUND,22445.454989871934,22010.236772452903,22923.931407541913,1
2024-05-24,2024-05-30,LONG_CALL,-163.6,47.272667848,-210.872667848,-0.00210872667848,-0.023332290743540263,BULLISH,23165.56182055918,22720.24744274727,23655.13789918926,2
2024-05-24,2024-05-30,SHORT_PUT,-372.35,47.708885557,-420.05888555700005,-0.00420058885557,-0.023332290743540263,BULLISH,23165.56182055918,22720.24744274727,23655.13789918926,3
2024-05-24,2024-05-30,LONG_SYNTHETIC_FUTURE,-535.95,94.981553405,-630.931553405,-0.006309315534050001,-0.023332290743540263,BULLISH,23165.56182055918,22720.24744274727,23655.13789918926,1
2024-05-31,2024-06-06,LONG_CALL,-177.2,47.748022336,-224.94802233599998,-0.0022494802233599996,0.008757439197910166,BULLISH,22952.23562213808,22513.090367815897,23435.0294017067,2
2024-05-31,2024-06-06,SHORT_PUT,468.15,48.097302547000005,420.05269745299995,0.00420052697453,0.008757439197910166,BULLISH,22952.23562213808,22513.090367815897,23435.0294017067,3
2024-05-31,2024-06-06,LONG_SYNTHETIC_FUTURE,290.95,95.845324883,195.104675117,0.00195104675117,0.008757439197910166,BULLISH,22952.23562213808,22513.090367815897,23435.0294017067,1
2024-06-07,2024-06-13,LONG_CALL,-135.3,47.375067603999995,-182.675067604,-0.0018267506760399998,0.003176828444833024,BULLISH,23477.27349072732,23026.04824530083,23973.347943387587,2
2024-06-07,2024-06-13,SHORT_PUT,235.65,47.652255696999994,187.99774430300002,0.0018799774430300002,0.003176828444833024,BULLISH,23477.27349072732,23026.04824530083,23973.347943387587,3
2024-06-07,2024-06-13,LONG_SYNTHETIC_FUTURE,100.35,95.02732330100001,5.3226766989999845,5.322676698999985e-05,0.003176828444833024,BULLISH,23477.27349072732,23026.04824530083,23973.347943387587,1
2024-06-14,2024-06-20,SHORT_CALL,-6.0,47.5021768,-53.5021768,-0.000535021768,0.00493679327897234,RANGE_BOUND,23577.353883683023,23123.39131942995,24076.437728996778,3
2024-06-14,2024-06-20,SHORT_PUT,108.6,47.409059127999996,61.190940872,0.00061190940872,0.00493679327897234,RANGE_BOUND,23577.353883683023,23123.39131942995,24076.437728996778,2
2024-06-14,2024-06-20,SHORT_STRADDLE,102.6,94.91123592800001,7.688764071999984,7.688764071999984e-05,0.00493679327897234,RANGE_BOUND,23577.353883683023,23123.39131942995,24076.437728996778,1
2024-06-21,2024-06-27,SHORT_CALL,-411.6499999999993,47.68212258100001,-459.3321225809993,-0.004593321225809993,0.023448842565982453,RANGE_BOUND,23556.822197111724,23102.460158415055,24056.345222342752,3
2024-06-21,2024-06-27,SHORT_PUT,133.75,47.457200754999995,86.292799245,0.00086292799245,0.023448842565982453,RANGE_BOUND,23556.822197111724,23102.460158415055,24056.345222342752,2
2024-06-21,2024-06-27,SHORT_STRADDLE,-277.8999999999993,95.13932333599999,-373.03932333599926,-0.0037303932333599926,0.023448842565982453,RANGE_BOUND,23556.822197111724,23102.460158415055,24056.345222342752,1
2024-06-28,2024-07-04,LONG_CALL,98.65000000000073,47.64896096499999,51.00103903500074,0.0005100103903500074,0.009414787266003088,BULLISH,24278.22601041877,23811.38740792561,24791.465698489836,2
2024-06-28,2024-07-04,SHORT_PUT,187.5,47.560087929999995,139.93991207,0.0013993991206999999,0.009414787266003088,BULLISH,24278.22601041877,23811.38740792561,24791.465698489836,3
2024-06-28,2024-07-04,LONG_SYNTHETIC_FUTURE,286.1500000000007,95.20904889500001,190.9409511050007,0.001909409511050007,0.009414787266003088,BULLISH,24278.22601041877,23811.38740792561,24791.465698489836,1
2024-07-05,2024-07-11,SHORT_CALL,91.65,47.37661377699999,44.27338622300002,0.0004427338622300002,0.00013330926930121834,RANGE_BOUND,24458.605964097605,23986.98624253738,24977.101987110782,3
2024-07-05,2024-07-11,SHORT_PUT,129.90000000000146,47.490748708000005,82.40925129200144,0.0008240925129200144,0.00013330926930121834,RANGE_BOUND,24458.605964097605,23986.98624253738,24977.101987110782,2
2024-07-05,2024-07-11,SHORT_STRADDLE,221.55000000000146,94.867362485,126.68263751500146,0.0012668263751500145,0.00013330926930121834,RANGE_BOUND,24458.605964097605,23986.98624253738,24977.101987110782,1
2024-07-12,2024-07-18,LONG_CALL,179.49999999999926,47.847941668000004,131.65205833199926,0.0013165205833199926,0.011722318282656907,BULLISH,24644.768231622493,24170.39764972912,25166.288534743977,2
2024-07-12,2024-07-18,SHORT_PUT,108.1,47.408102038,60.69189796199999,0.0006069189796199999,0.011722318282656907,BULLISH,24644.768231622493,24170.39764972912,25166.288534743977,3
2024-07-12,2024-07-18,LONG_SYNTHETIC_FUTURE,287.5999999999992,95.256043706,192.3439562939992,0.001923439562939992,0.011722318282656907,BULLISH,24644.768231622493,24170.39764972912,25166.288534743977,1
2024-07-19,2024-07-25,SHORT_CALL,222.15,47.626414266999994,174.523585733,0.00174523585733,-0.005049104940662241,RANGE_BOUND,24525.582550762232,24051.066881298546,25047.262362328245,3
2024-07-19,2024-07-25,SHORT_PUT,100.30000000000001,47.734544043999996,52.565455956000015,0.0005256545595600002,-0.005049104940662241,RANGE_BOUND,24525.582550762232,24051.066881298546,25047.262362328245,2
2024-07-19,2024-07-25,SHORT_STRADDLE,322.45000000000005,95.360958311,227.08904168900006,0.0022708904168900006,-0.005049104940662241,RANGE_BOUND,24525.582550762232,24051.066881298546,25047.262362328245,1
2024-07-26,2024-08-01,SHORT_CALL,-13.299999999999997,47.487613696,-60.787613695999994,-0.0006078761369599999,0.0046878543233215275,RANGE_BOUND,24977.53657433133,24495.54696049556,25507.433197569953,3
2024-07-26,2024-08-01,SHORT_PUT,148.25,47.484956364999995,100.76504363500001,0.00100765043635,0.0046878543233215275,RANGE_BOUND,24977.53657433133,24495.54696049556,25507.433197569953,2
2024-07-26,2024-08-01,SHORT_STRADDLE,134.95,94.97257006099998,39.977429939000004,0.00039977429939,0.0046878543233215275,RANGE_BOUND,24977.53657433133,24495.54696049556,25507.433197569953,1
2024-08-02,2024-08-08,SHORT_CALL,142.5,47.473949829999995,95.02605017,0.0009502605017000001,-0.023268471625616405,RANGE_BOUND,24753.6837173083,24275.63855088412,25279.24383763494,3
2024-08-02,2024-08-08,SHORT_PUT,-397.9000000000007,47.768344899999995,-445.6683449000007,-0.004456683449000007,-0.023268471625616405,RANGE_BOUND,24753.6837173083,24275.63855088412,25279.24383763494,2
2024-08-02,2024-08-08,SHORT_STRADDLE,-255.40000000000072,95.24229473,-350.6422947300007,-0.003506422947300007,-0.023268471625616405,RANGE_BOUND,24753.6837173083,24275.63855088412,25279.24383763494,1
2024-08-09,2024-08-14,LONG_PUT,68.74999999999855,47.699739871,21.050260128998552,0.00021050260128998552,-0.009296559637727131,BEARISH,23655.997422865665,23183.950176598246,24174.963464095392,3
2024-08-09,2024-08-14,SHORT_CALL,135.25,47.460072025,87.789927975,0.00087789927975,-0.009296559637727131,BEARISH,23655.997422865665,23183.950176598246,24174.963464095392,2
2024-08-09,2024-08-14,SHORT_SYNTHETIC_FUTURE,203.99999999999855,95.15981189600001,108.84018810399854,0.0010884018810399855,-0.009296559637727131,BEARISH,23655.997422865665,23183.950176598246,24174.963464095392,1
2024-08-16,2024-08-22,SHORT_CALL,-126.50000000000072,47.52610307199999,-174.02610307200072,-0.0017402610307200072,0.010369933497386796,RANGE_BOUND,24546.212148017006,24070.605420024564,25069.091463085897,3
2024-08-16,2024-08-22,SHORT_PUT,146.45,47.481510841,98.96848915899999,0.00098968489159,0.010369933497386796,RANGE_BOUND,24546.212148017006,24070.605420024564,25069.091463085897,2
2024-08-16,2024-08-22,SHORT_STRADDLE,19.949999999999264,95.007613913,-75.05761391300074,-0.0007505761391300074,0.010369933497386796,RANGE_BOUND,24546.212148017006,24070.605420024564,25069.091463085897,1
2024-08-23,2024-08-29,SHORT_CALL,-187.60000000000144,47.596518376,-235.19651837600145,-0.0023519651837600143,0.012710227729942902,RANGE_BOUND,24765.341290151377,24284.54042714171,25293.931007534473,3
2024-08-23,2024-08-29,SHORT_PUT,127.1,47.444471457999995,79.655528542,0.00079655528542,0.012710227729942902,RANGE_BOUND,24765.341290151377,24284.54042714171,25293.931007534473,2
2024-08-23,2024-08-29,SHORT_STRADDLE,-60.50000000000145,95.040989834,-155.54098983400144,-0.0015554098983400144,0.012710227729942902,RANGE_BOUND,24765.341290151377,24284.54042714171,25293.931007534473,1
2024-08-30,2024-09-05,LONG_CALL,-72.65,47.232269677,-119.88226967700001,-0.0011988226967700002,-0.005522739184061098,BULLISH,25636.35078856618,25145.43442015425,26176.061434701976,2
2024-08-30,2024-09-05,SHORT_PUT,6.650000000000006,47.598910747,-40.94891074699999,-0.00040948910746999994,-0.005522739184061098,BULLISH,25636.35078856618,25145.43442015425,26176.061434701976,3
2024-08-30,2024-09-05,LONG_SYNTHETIC_FUTURE,-66.0,94.831180424,-160.831180424,-0.00160831180424,-0.005522739184061098,BULLISH,25636.35078856618,25145.43442015425,26176.061434701976,1
2024-09-06,2024-09-12,LONG_CALL,314.44999999999925,48.135268087,266.31473191299926,0.0026631473191299927,0.018079980727535583,BULLISH,25038.089868643023,24556.283065145846,25567.785511241535,2
2024-09-06,2024-09-12,SHORT_PUT,177.1,47.540180457999995,129.559819542,0.00129559819542,0.018079980727535583,BULLISH,25038.089868643023,24556.283065145846,25567.785511241535,3
2024-09-06,2024-09-12,LONG_SYNTHETIC_FUTURE,491.5499999999993,95.675448545,395.8745514549993,0.0039587455145499925,0.018079980727535583,BULLISH,25038.089868643023,24556.283065145846,25567.785511241535,1
2024-09-13,2024-09-19,SHORT_CALL,-14.799999999998548,47.500897192,-62.300897191998544,-0.0006230089719199854,0.0045915672812404384,RANGE_BOUND,25341.093231152103,24850.26004628049,25880.712425779708,3
2024-09-13,2024-09-19,SHORT_PUT,137.0,47.463421839999995,89.53657816,0.0008953657816000001,0.0045915672812404384,RANGE_BOUND,25341.093231152103,24850.26004628049,25880.712425779708,2
2024-09-13,2024-09-19,SHORT_STRADDLE,122.20000000000145,94.964319032,27.235680968001446,0.00027235680968001446,0.0045915672812404384,RANGE_BOUND,25341.093231152103,24850.26004628049,25880.712425779708,1
2024-09-20,2024-09-26,SHORT_CALL,-334.75,47.684165965,-382.434165965,-0.0038243416596499998,0.017803261829224537,RANGE_BOUND,25836.173751566577,25337.69638624038,26384.1969144417,3
2024-09-20,2024-09-26,SHORT_PUT,134.7,47.459019226,87.24098077399998,0.0008724098077399998,0.017803261829224537,RANGE_BOUND,25836.173751566577,25337.69638624038,26384.1969144417,2
2024-09-20,2024-09-26,SHORT_STRADDLE,-200.05,95.143185191,-295.193185191,-0.00295193185191,0.017803261829224537,RANGE_BOUND,25836.173751566577,25337.69638624038,26384.1969144417,1
2024-09-27,2024-10-03,LONG_CALL,-77.9,47.234601622,-125.134601622,-0.0012513460162200001,-0.03300227935692146,BULLISH,26477.38909038636,25967.74191664696,27037.69227671111,2
2024-09-27,2024-10-03,SHORT_PUT,-686.4499999999992,47.949104467,-734.3991044669992,-0.007343991044669993,-0.03300227935692146,BULLISH,26477.38909038636,25967.74191664696,27037.69227671111,3
2024-09-27,2024-10-03,LONG_SYNTHETIC_FUTURE,-764.3499999999992,95.18370608900001,-859.5337060889992,-0.008595337060889992,-0.03300227935692146,BULLISH,26477.38909038636,25967.74191664696,27037.69227671111,1
2024-10-04,2024-10-10,LONG_CALL,-129.8,47.257654564000006,-177.05765456400002,-0.0017705765456400002,-0.0022225444260610683,BULLISH,25432.17937861305,24945.191014354747,25967.57159946058,2
2024-10-04,2024-10-10,SHORT_PUT,209.40000000000146,47.677711828,161.72228817200147,0.0016172228817200147,-0.0022225444260610683,BULLISH,25432.17937861305,24945.191014354747,25967.57159946058,3
2024-10-04,2024-10-10,LONG_SYNTHETIC_FUTURE,79.60000000000144,94.935366392,-15.335366391998562,-0.00015335366391998562,-0.0022225444260610683,BULLISH,25432.17937861305,24945.191014354747,25967.57159946058,1
2024-10-11,2024-10-17,LONG_CALL,-102.15,47.245372986999996,-149.395372987,-0.00149395372987,-0.008213720406154978,BULLISH,25234.99890848165,24750.415128888675,25767.747542708486,2
2024-10-11,2024-10-17,SHORT_PUT,-17.050000000000722,47.654836243,-64.70483624300073,-0.0006470483624300072,-0.008213720406154978,BULLISH,25234.99890848165,24750.415128888675,25767.747542708486,3
2024-10-11,2024-10-17,LONG_SYNTHETIC_FUTURE,-119.20000000000073,94.90020923,-214.10020923000073,-0.0021410020923000074,-0.008213720406154978,BULLISH,25234.99890848165,24750.415128888675,25767.747542708486,1
2024-10-18,2024-10-24,SHORT_CALL,104.85,47.401880952999996,57.448119047,0.00057448119047,-0.019926530563165512,RANGE_BOUND,24902.8770679906,24420.23552733889,25433.49041583998,3
2024-10-18,2024-10-24,SHORT_PUT,-334.05,47.736210631000006,-381.786210631,-0.0038178621063100003,-0.019926530563165512,RANGE_BOUND,24902.8770679906,24420.23552733889,25433.49041583998,2
2024-10-18,2024-10-24,SHORT_STRADDLE,-229.20000000000002,95.13809158400002,-324.33809158400004,-0.0032433809158400003,-0.019926530563165512,RANGE_BOUND,24902.8770679906,24420.23552733889,25433.49041583998,1
2024-10-25,2024-10-31,LONG_CALL,-145.60000000000073,47.271276015999995,-192.87127601600073,-0.0019287127601600074,0.0004360810573416085,BULLISH,24321.834059102177,23853.82508354182,24836.360448625794,2
2024-10-25,2024-10-31,SHORT_PUT,156.05,47.499886968999995,108.55011303100002,0.0010855011303100002,0.0004360810573416085,BULLISH,24321.834059102177,23853.82508354182,24836.360448625794,3
2024-10-25,2024-10-31,LONG_SYNTHETIC_FUTURE,10.449999999999278,94.77116298500002,-84.32116298500074,-0.0008432116298500074,0.0004360810573416085,BULLISH,24321.834059102177,23853.82508354182,24836.360448625794,1
2024-11-01,2024-11-07,SHORT_CALL,144.8,47.478352443999995,97.32164755600002,0.0009732164755600002,-0.0034100719129417367,RANGE_BOUND,24467.32384652963,23995.62190867956,24985.910257661377,3
2024-11-01,2024-11-07,SHORT_PUT,166.25,47.754068425,118.495931575,0.00118495931575,-0.0034100719129417367,RANGE_BOUND,24467.32384652963,23995.62190867956,24985.910257661377,2
2024-11-01,2024-11-07,SHORT_STRADDLE,311.05,95.23242086899998,215.81757913100003,0.00215817579131,-0.0034100719129417367,RANGE_BOUND,24467.32384652963,23995.62190867956,24985.910257661377,1
2024-11-08,2024-11-14,SHORT_CALL,123.6,47.437771827999995,76.162228172,0.00076162228172,-0.02552245368984518,RANGE_BOUND,24131.68292633794,23663.149701023514,24646.785673041126,3
2024-11-08,2024-11-14,SHORT_PUT,-429.44999999999925,47.790141367,-477.24014136699924,-0.004772401413669992,-0.02552245368984518,RANGE_BOUND,24131.68292633794,23663.149701023514,24646.785673041126,2
2024-11-08,2024-11-14,SHORT_STRADDLE,-305.8499999999992,95.227913195,-401.0779131949992,-0.0040107791319499925,-0.02552245368984518,RANGE_BOUND,24131.68292633794,23663.149701023514,24646.785673041126,1
2024-11-18,2024-11-21,LONG_CALL,-97.55,47.243329759000005,-144.79332975900002,-0.0014479332975900002,-0.007027743105688322,BULLISH,23654.53957317065,23199.66198997413,24154.62938507458,2
2024-11-18,2024-11-21,SHORT_PUT,-11.749999999999261,47.53550743300001,-59.28550743299927,-0.0005928550743299927,-0.007027743105688322,BULLISH,23654.53957317065,23199.66198997413,24154.62938507458,3
2024-11-18,2024-11-21,LONG_SYNTHETIC_FUTURE,-109.29999999999926,94.77883719200001,-204.07883719199927,-0.0020407883719199926,-0.007027743105688322,BULLISH,23654.53957317065,23199.66198997413,24154.62938507458,1
2024-11-22,2024-11-28,SHORT_CALL,189.20000000000073,47.571714214,141.62828578600073,0.0014162828578600073,0.0007116975871359621,RANGE_BOUND,23983.498431417916,23521.412897728223,24491.512622846145,3
2024-11-22,2024-11-28,SHORT_PUT,205.95,47.595404550999994,158.354595449,0.0015835459544899998,0.0007116975871359621,RANGE_BOUND,23983.498431417916,23521.412897728223,24491.512622846145,2
2024-11-22,2024-11-28,SHORT_STRADDLE,395.1500000000007,95.16711876499998,299.9828812350007,0.002999828812350007,0.0007116975871359621,RANGE_BOUND,23983.498431417916,23521.412897728223,24491.512622846145,1
2024-11-29,2024-12-05,SHORT_CALL,-362.54999999999853,47.602297687,-410.1522976869985,-0.004101522976869985,0.01893503784333106,RANGE_BOUND,24323.055127302847,23852.8911176981,24839.950748922565,3
2024-11-29,2024-12-05,SHORT_PUT,212.05,47.607081048999994,164.44291895100002,0.0016444291895100003,0.01893503784333106,RANGE_BOUND,24323.055127302847,23852.8911176981,24839.950748922565,2
2024-11-29,2024-12-05,SHORT_STRADDLE,-150.49999999999852,95.20937873599999,-245.7093787359985,-0.002457093787359985,0.01893503784333106,RANGE_BOUND,24323.055127302847,23852.8911176981,24839.950748922565,1
2024-12-06,2024-12-12,SHORT_CALL,134.7,47.459019226,87.24098077399998,0.0008724098077399998,-0.00543512251218059,RANGE_BOUND,24820.965119341294,24341.53291574492,25348.05014039765,3
2024-12-06,2024-12-12,SHORT_PUT,81.54999999999927,47.71445418100001,33.835545818999265,0.00033835545818999266,-0.00543512251218059,RANGE_BOUND,24820.965119341294,24341.53291574492,25348.05014039765,2
2024-12-06,2024-12-12,SHORT_STRADDLE,216.24999999999926,95.17347340699999,121.07652659299927,0.0012107652659299928,-0.00543512251218059,RANGE_BOUND,24820.965119341294,24341.53291574492,25348.05014039765,1
2024-12-13,2024-12-19,SHORT_CALL,105.3,47.402742333999996,57.897257666,0.00057897257666,-0.03269937476717377,RANGE_BOUND,24933.717980634152,24453.366889092456,25461.813221839202,3
2024-12-13,2024-12-19,SHORT_PUT,-648.0000000000007,47.921059372,-695.9210593720006,-0.006959210593720006,-0.03269937476717377,RANGE_BOUND,24933.717980634152,24453.366889092456,25461.813221839202,2
2024-12-13,2024-12-19,SHORT_STRADDLE,-542.7000000000007,95.32380170600001,-638.0238017060008,-0.006380238017060008,-0.03269937476717377,RANGE_BOUND,24933.717980634152,24453.366889092456,25461.813221839202,1
2024-12-20,2024-12-26,LONG_CALL,-73.99999999999926,47.464460272,-121.46446027199926,-0.0012146446027199926,0.0052083223107088905,BULLISH,23894.283632654024,23437.245211910304,24396.749056991834,2
2024-12-20,2024-12-26,SHORT_PUT,194.95,47.57434857099999,147.37565142900002,0.0014737565142900002,0.0052083223107088905,BULLISH,23894.283632654024,23437.245211910304,24396.749056991834,3
2024-12-20,2024-12-26,LONG_SYNTHETIC_FUTURE,120.95000000000073,95.038808843,25.91119115700073,0.00025911191157000727,0.0052083223107088905,BULLISH,23894.283632654024,23437.245211910304,24396.749056991834,1
2024-12-27,2025-01-02,SHORT_CALL,-202.75000000000145,47.47966963900001,-250.22966963900146,-0.0025022966963900144,0.012087034987798395,RANGE_BOUND,23895.243046420797,23431.1050072364,24405.513750644324,3
2024-12-27,2025-01-02,SHORT_PUT,210.3,47.603731233999994,162.696268766,0.00162696268766,0.012087034987798395,RANGE_BOUND,23895.243046420797,23431.1050072364,24405.513750644324,2
2024-12-27,2025-01-02,SHORT_STRADDLE,7.549999999998562,95.08340087300002,-87.53340087300145,-0.0008753340087300145,0.012087034987798395,RANGE_BOUND,23895.243046420797,23431.1050072364,24405.513750644324,1
2025-01-03,2025-01-09,SHORT_CALL,112.0,47.415567339999996,64.58443266,0.0006458443266,-0.018441500224137153,RANGE_BOUND,24105.137272911215,23639.069569041654,24617.529439447007,3
2025-01-03,2025-01-09,SHORT_PUT,-240.30000000000146,47.80694461,-288.10694461000145,-0.0028810694461000146,-0.018441500224137153,RANGE_BOUND,24105.137272911215,23639.069569041654,24617.529439447007,2
2025-01-03,2025-01-09,SHORT_STRADDLE,-128.30000000000146,95.22251195000001,-223.52251195000147,-0.002235225119500015,-0.018441500224137153,RANGE_BOUND,24105.137272911215,23639.069569041654,24617.529439447007,1
2025-01-10,2025-01-16,LONG_CALL,-134.75,47.259853254999996,-182.009853255,-0.00182009853255,-0.005238152987257938,BULLISH,23668.895824781994,23214.27553021017,24168.70277504429,2
2025-01-10,2025-01-16,SHORT_PUT,64.89999999999927,47.61419064400001,17.285809355999255,0.00017285809355999256,-0.005238152987257938,BULLISH,23668.895824781994,23214.27553021017,24168.70277504429,3
2025-01-10,2025-01-16,LONG_SYNTHETIC_FUTURE,-69.85000000000073,94.87404389899999,-164.72404389900072,-0.0016472404389900072,-0.005238152987257938,BULLISH,23668.895824781994,23214.27553021017,24168.70277504429,1
2025-01-17,2025-01-23,SHORT_CALL,143.19999999999928,47.507599288,95.69240071199928,0.0009569240071199928,-0.00015042635125839254,RANGE_BOUND,23323.950124343955,22873.84592221076,23818.79210842282,3
2025-01-17,2025-01-23,SHORT_PUT,169.35,47.525345563,121.82465443699999,0.00121824654437,-0.00015042635125839254,RANGE_BOUND,23323.950124343955,22873.84592221076,23818.79210842282,2
2025-01-17,2025-01-23,SHORT_STRADDLE,312.5499999999993,95.032944851,217.51705514899928,0.0021751705514899927,-0.00015042635125839254,RANGE_BOUND,23323.950124343955,22873.84592221076,23818.79210842282,1
2025-01-24,2025-01-30,SHORT_CALL,39.30000000000146,47.59502088999999,-8.295020889998526,-8.295020889998525e-05,0.005243598008124906,RANGE_BOUND,23127.145972592356,22680.007360396365,23618.727604065003,3
2025-01-24,2025-01-30,SHORT_PUT,160.7,47.508787905999995,113.191212094,0.0011319121209399999,0.005243598008124906,RANGE_BOUND,23127.145972592356,22680.007360396365,23618.727604065003,2
2025-01-24,2025-01-30,SHORT_STRADDLE,200.00000000000145,95.10380879599998,104.89619120400147,0.0010489619120400146,0.005243598008124906,RANGE_BOUND,23127.145972592356,22680.007360396365,23618.727604065003,1
2025-01-31,2025-02-06,SHORT_CALL,137.19999999999854,47.673462879999995,89.52653711999855,0.0008952653711999855,0.002908527446846332,RANGE_BOUND,23706.983735121834,23250.05074467921,24209.333249989955,3
2025-01-31,2025-02-06,SHORT_PUT,257.85,47.694750493,210.155249507,0.00210155249507,0.002908527446846332,RANGE_BOUND,23706.983735121834,23250.05074467921,24209.333249989955,2
2025-01-31,2025-02-06,SHORT_STRADDLE,395.0499999999986,95.368213373,299.6817866269986,0.002996817866269986,0.002908527446846332,RANGE_BOUND,23706.983735121834,23250.05074467921,24209.333249989955,1
2025-02-07,2025-02-13,SHORT_CALL,135.1,47.459784897999995,87.640215102,0.00087640215102,-0.0214779197076429,RANGE_BOUND,23627.825652024047,23170.994222880643,24130.063510980995,3
2025-02-07,2025-02-13,SHORT_PUT,-325.65,47.738729172999996,-373.388729173,-0.00373388729173,-0.0214779197076429,RANGE_BOUND,23627.825652024047,23170.994222880643,24130.063510980995,2
2025-02-07,2025-02-13,SHORT_STRADDLE,-190.54999999999998,95.19851407099999,-285.748514071,-0.00285748514071,-0.0214779197076429,RANGE_BOUND,23627.825652024047,23170.994222880643,24130.063510980995,1
2025-02-14,2025-02-20,SHORT_CALL,149.5,47.487349089999995,102.01265091,0.0010201265091000001,-0.0023113067036591994,RANGE_BOUND,23045.77363465239,22600.922569815008,23534.840349649596,3
2025-02-14,2025-02-20,SHORT_PUT,126.05000000000001,47.57806726899999,78.47193273100002,0.0007847193273100002,-0.0023113067036591994,RANGE_BOUND,23045.77363465239,22600.922569815008,23534.840349649596,2
2025-02-14,2025-02-20,SHORT_STRADDLE,275.55,95.06541635900001,180.484583641,0.00180484583641,-0.0023113067036591994,RANGE_BOUND,23045.77363465239,22600.922569815008,23534.840349649596,1
2025-02-21,2025-02-27,LONG_CALL,-154.5,47.268625809999996,-201.76862581,-0.0020176862581,-0.012042887313452377,BULLISH,22940.15205144295,22498.648640477935,23425.538374930013,2
2025-02-21,2025-02-27,SHORT_PUT,-119.9,47.566565308,-167.466565308,-0.0016746656530800001,-0.012042887313452377,BULLISH,22940.15205144295,22498.648640477935,23425.538374930013,3
2025-02-21,2025-02-27,LONG_SYNTHETIC_FUTURE,-274.4,94.83519111800001,-369.235191118,-0.00369235191118,-0.012042887313452377,BULLISH,22940.15205144295,22498.648640477935,23425.538374930013,1
2025-02-28,2025-03-06,LONG_CALL,225.15000000000072,47.85572933500001,177.2942706650007,0.0017729427066500072,0.015300683795592906,BULLISH,22419.561730369813,21988.55395424128,22893.409212979503,2
2025-02-28,2025-03-06,SHORT_PUT,207.3,47.597988693999994,159.70201130600003,0.0015970201130600004,0.015300683795592906,BULLISH,22419.561730369813,21988.55395424128,22893.409212979503,3
2025-02-28,2025-03-06,LONG_SYNTHETIC_FUTURE,432.4500000000007,95.45371802900002,336.9962819710007,0.003369962819710007,0.015300683795592906,BULLISH,22419.561730369813,21988.55395424128,22893.409212979503,1
2025-03-07,2025-03-13,SHORT_CALL,106.65,47.405326476999996,59.24467352300001,0.0005924467352300001,-0.009081697752092222,RANGE_BOUND,22597.53522276098,22159.371727664588,23079.24966185494,3
2025-03-07,2025-03-13,SHORT_PUT,-38.099999999999994,47.613481492000005,-85.713481492,-0.00085713481492,-0.009081697752092222,RANGE_BOUND,22597.53522276098,22159.371727664588,23079.24966185494,2
2025-03-07,2025-03-13,SHORT_STRADDLE,68.55000000000001,95.018807969,-26.468807968999982,-0.00026468807968999984,-0.009081697752092222,RANGE_BOUND,22597.53522276098,22159.371727664588,23079.24966185494,1
2025-03-17,2025-03-20,SHORT_CALL,-519.15,47.623038222999995,-566.773038223,-0.0056677303822299996,0.027273371324327167,RANGE_BOUND,22666.505589263677,22229.61209403276,23146.823797773177,3
2025-03-17,2025-03-20,SHORT_PUT,148.05,47.484573529,100.56542647100001,0.0010056542647100002,0.027273371324327167,RANGE_BOUND,22666.505589263677,22229.61209403276,23146.823797773177,2
2025-03-17,2025-03-20,SHORT_STRADDLE,-371.09999999999997,95.107611752,-466.20761175199993,-0.004662076117519999,0.027273371324327167,RANGE_BOUND,22666.505589263677,22229.61209403276,23146.823797773177,1
2025-03-21,2025-03-27,SHORT_CALL,-78.19999999999854,47.5080688,-125.70806879999853,-0.0012570806879999854,0.009142488082686695,RANGE_BOUND,23444.299281045583,22992.015863606277,23941.5370819613,3
2025-03-21,2025-03-27,SHORT_PUT,138.7,47.466675945999995,91.233324054,0.0009123332405399999,0.009142488082686695,RANGE_BOUND,23444.299281045583,22992.015863606277,23941.5370819613,2
2025-03-21,2025-03-27,SHORT_STRADDLE,60.50000000000145,94.974744746,-34.47474474599855,-0.00034474744745998547,0.009142488082686695,RANGE_BOUND,23444.299281045583,22992.015863606277,23941.5370819613,1
2025-03-28,2025-04-03,SHORT_CALL,70.9,47.336894542,23.563105458000003,0.00023563105458000003,-0.013186590037503776,RANGE_BOUND,23711.353415825954,23254.082854969736,24214.074053675016,3
2025-03-28,2025-04-03,SHORT_PUT,-145.84999999999928,47.68622258500001,-193.53622258499928,-0.0019353622258499927,-0.013186590037503776,RANGE_BOUND,23711.353415825954,23254.082854969736,24214.074053675016,2
2025-03-28,2025-04-03,SHORT_STRADDLE,-74.94999999999928,95.02311712699999,-169.97311712699928,-0.0016997311712699929,-0.013186590037503776,RANGE_BOUND,23711.353415825954,23254.082854969736,24214.074053675016,1
2025-04-04,2025-04-09,LONG_CALL,-88.55,47.239332139000005,-135.789332139,-0.00135789332139,-0.020842271698721326,BULLISH,23076.84070637969,22632.715079393878,23565.109879154246,2
2025-04-04,2025-04-09,SHORT_PUT,-314.89999999999856,47.707658523999996,-362.60765852399857,-0.0036260765852399856,-0.020842271698721326,BULLISH,23076.84070637969,22632.715079393878,23565.109879154246,3
2025-04-04,2025-04-09,LONG_SYNTHETIC_FUTURE,-403.44999999999857,94.946990663,-498.3969906629986,-0.004983969906629986,-0.020842271698721326,BULLISH,23076.84070637969,22632.715079393878,23565.109879154246,1
2025-04-11,2025-04-17,LONG_PUT,-266.2,47.318240716000005,-313.518240716,-0.00313518240716,0.04073934282092617,BEARISH,22194.209586512534,21750.867432406412,22681.61741368662,3
2025-04-11,2025-04-17,SHORT_CALL,-723.7999999999993,48.05920356400001,-771.8592035639992,-0.0077185920356399925,0.04073934282092617,BEARISH,22194.209586512534,21750.867432406412,22681.61741368662,2
2025-04-11,2025-04-17,SHORT_SYNTHETIC_FUTURE,-989.9999999999993,95.37744428,-1085.3774442799993,-0.010853774442799993,0.04073934282092617,BEARISH,22194.209586512534,21750.867432406412,22681.61741368662,1
2025-04-21,2025-04-24,LONG_CALL,-22.549999999999272,47.434532131000005,-69.98453213099927,-0.0006998453213099927,0.004565888421619535,BULLISH,24296.69460499609,23829.79313122246,24810.00341339312,2
2025-04-21,2025-04-24,SHORT_PUT,132.15,47.454138066999995,84.695861933,0.00084695861933,0.004565888421619535,BULLISH,24296.69460499609,23829.79313122246,24810.00341339312,3
2025-04-21,2025-04-24,LONG_SYNTHETIC_FUTURE,109.60000000000073,94.88867019799999,14.711329802000748,0.00014711329802000747,0.004565888421619535,BULLISH,24296.69460499609,23829.79313122246,24810.00341339312,1
2025-04-25,2025-04-30,SHORT_CALL,-145.00000000000145,47.556606904000006,-192.55660690400146,-0.0019255660690400145,0.0115704396601366,RANGE_BOUND,24152.20895520778,23685.237839400397,24665.594327658182,3
2025-04-25,2025-04-30,SHORT_PUT,217.4,47.617321911999994,169.782678088,0.0016978267808800001,0.0115704396601366,RANGE_BOUND,24152.20895520778,23685.237839400397,24665.594327658182,2
2025-04-25,2025-04-30,SHORT_STRADDLE,72.39999999999856,95.17392881599999,-22.77392881600143,-0.0002277392881600143,0.0115704396601366,RANGE_BOUND,24152.20895520778,23685.237839400397,24665.594327658182,1
2025-05-02,2025-05-08,SHORT_CALL,135.1,47.459784897999995,87.640215102,0.00087640215102,-0.005278537091149005,RANGE_BOUND,24418.827804213237,23946.796033953317,24937.77683120888,3
2025-05-02,2025-05-08,SHORT_PUT,72.10000000000144,47.64129747399999,24.458702526001453,0.0002445870252600145,-0.005278537091149005,RANGE_BOUND,24418.827804213237,23946.796033953317,24937.77683120888,2
2025-05-02,2025-05-08,SHORT_STRADDLE,207.20000000000144,95.10108237200001,112.09891762800143,0.0011209891762800142,-0.005278537091149005,RANGE_BOUND,24418.827804213237,23946.796033953317,24937.77683120888,1
2025-05-09,2025-05-15,SHORT_CALL,-830.2000000000007,48.038071876,-878.2380718760007,-0.008782380718760007,0.04210176393592491,RANGE_BOUND,24093.693077131767,23628.145754014397,24605.513140046507,3
2025-05-09,2025-05-15,SHORT_PUT,260.8,47.700397323999994,213.09960267600002,0.00213099602676,0.04210176393592491,RANGE_BOUND,24093.693077131767,23628.145754014397,24605.513140046507,2
2025-05-09,2025-05-15,SHORT_STRADDLE,-569.4000000000008,95.7384692,-665.1384692000008,-0.006651384692000008,0.04210176393592491,RANGE_BOUND,24093.693077131767,23628.145754014397,24605.513140046507,1
2025-05-16,2025-05-22,SHORT_CALL,145.85,47.480362332999995,98.369637667,0.0009836963766700001,-0.0170064636524222,RANGE_BOUND,25076.628069718252,24591.480383101993,25609.996660099503,3
2025-05-16,2025-05-22,SHORT_PUT,-236.69999999999928,47.804166382,-284.50416638199926,-0.0028450416638199924,-0.0170064636524222,RANGE_BOUND,25076.628069718252,24591.480383101993,25609.996660099503,2
2025-05-16,2025-05-22,SHORT_STRADDLE,-90.84999999999928,95.284528715,-186.13452871499928,-0.0018613452871499927,-0.0170064636524222,RANGE_BOUND,25076.628069718252,24591.480383101993,25609.996660099503,1
2025-05-23,2025-05-29,SHORT_CALL,192.35,47.569371703,144.780628297,0.00144780628297,-0.0026406858548466694,RANGE_BOUND,24995.4694189904,24514.167520237916,25524.609972201946,3
2025-05-23,2025-05-29,SHORT_PUT,127.15000000000072,47.646914455,79.50308554500072,0.0007950308554500071,-0.0026406858548466694,RANGE_BOUND,24995.4694189904,24514.167520237916,25524.609972201946,2
2025-05-23,2025-05-29,SHORT_STRADDLE,319.5000000000007,95.216286158,224.28371384200068,0.002242837138420007,-0.0026406858548466694,RANGE_BOUND,24995.4694189904,24514.167520237916,25524.609972201946,1
2025-05-30,2025-06-05,LONG_CALL,-166.64999999999856,47.299728721000015,-213.94972872099856,-0.0021394972872099856,-0.00039403004278038,BULLISH,24996.073924726297,24514.940327555378,25525.029448142184,2
2025-05-30,2025-06-05,SHORT_PUT,235.45,47.651872860999994,187.798127139,0.00187798127139,-0.00039403004278038,BULLISH,24996.073924726297,24514.940327555378,25525.029448142184,3
2025-05-30,2025-06-05,LONG_SYNTHETIC_FUTURE,68.80000000000143,94.951601582,-26.151601581998563,-0.0002615160158199856,-0.00039403004278038,BULLISH,24996.073924726297,24514.940327555378,25525.029448142184,1
2025-06-06,2025-06-12,SHORT_CALL,132.95,47.455669411,85.49433058899999,0.0008549433058899999,-0.006331610635830653,RANGE_BOUND,25101.22520511711,24615.737046335846,25634.96810864819,3
2025-06-06,2025-06-12,SHORT_PUT,40.75000000000145,47.662651351,-6.912651350998551,-6.912651350998551e-05,-0.006331610635830653,RANGE_BOUND,25101.22520511711,24615.737046335846,25634.96810864819,2
2025-06-06,2025-06-12,SHORT_STRADDLE,173.70000000000144,95.118320762,78.58167923800144,0.0007858167923800144,-0.006331610635830653,RANGE_BOUND,25101.22520511711,24615.737046335846,25634.96810864819,1
2025-06-13,2025-06-19,SHORT_CALL,92.50000000000145,47.503469746,44.99653025400145,0.0004499653025400145,0.0030613813017137392,RANGE_BOUND,24816.228641849746,24337.87685702697,25342.12585668916,3
2025-06-13,2025-06-19,SHORT_PUT,212.55,47.608038138999994,164.941961861,0.00164941961861,0.0030613813017137392,RANGE_BOUND,24816.228641849746,24337.87685702697,25342.12585668916,2
2025-06-13,2025-06-19,SHORT_STRADDLE,305.05000000000143,95.111507885,209.93849211500145,0.0020993849211500145,0.0030613813017137392,RANGE_BOUND,24816.228641849746,24337.87685702697,25342.12585668916,1
2025-06-20,2025-06-26,SHORT_CALL,-285.45,47.718396858999995,-333.168396859,-0.0033316839685899997,0.017493837533898438,RANGE_BOUND,25162.129063049837,24676.342991124195,25696.19949058702,3
2025-06-20,2025-06-26,SHORT_PUT,150.75,47.489741814999995,103.260258185,0.00103260258185,0.017493837533898438,RANGE_BOUND,25162.129063049837,24676.342991124195,25696.19949058702,2
2025-06-20,2025-06-26,SHORT_STRADDLE,-134.7,95.208138674,-229.90813867399999,-0.00229908138674,0.017493837533898438,RANGE_BOUND,25162.129063049837,24676.342991124195,25696.19949058702,1
2025-06-27,2025-07-03,SHORT_CALL,94.85,47.382739152999996,47.467260847,0.00047467260847,-0.009382451398435854,RANGE_BOUND,25842.291837661225,25344.15397724956,26389.941750776146,3
2025-06-27,2025-07-03,SHORT_PUT,-54.80000000000146,47.665590220000006,-102.46559022000147,-0.0010246559022000147,-0.009382451398435854,RANGE_BOUND,25842.291837661225,25344.15397724956,26389.941750776146,2
2025-06-27,2025-07-03,SHORT_STRADDLE,40.04999999999853,95.048329373,-54.99832937300147,-0.0005499832937300147,-0.009382451398435854,RANGE_BOUND,25842.291837661225,25344.15397724956,26389.941750776146,1
2025-07-04,2025-07-10,SHORT_CALL,99.45,47.391544380999996,52.05845561900001,0.00052058455619,-0.004628016335096463,RANGE_BOUND,25545.307720338365,25051.234246396416,26088.489270227157,3
2025-07-04,2025-07-10,SHORT_PUT,50.75000000000145,47.600429731,3.149570269001451,3.149570269001451e-05,-0.004628016335096463,RANGE_BOUND,25545.307720338365,25051.234246396416,26088.489270227157,2
2025-07-04,2025-07-10,SHORT_STRADDLE,150.20000000000147,94.99197411199998,55.20802588800149,0.0005520802588800149,-0.004628016335096463,RANGE_BOUND,25545.307720338365,25051.234246396416,26088.489270227157,1
2025-07-11,2025-07-17,SHORT_CALL,117.5,47.426095329999995,70.07390467,0.0007007390467,-0.001934711418762114,RANGE_BOUND,25332.208854724446,24844.2619452516,25868.654894695508,3
2025-07-11,2025-07-17,SHORT_PUT,102.59999999999854,47.457476392,55.14252360799855,0.0005514252360799854,-0.001934711418762114,RANGE_BOUND,25332.208854724446,24844.2619452516,25868.654894695508,2
2025-07-11,2025-07-17,SHORT_STRADDLE,220.09999999999854,94.883571722,125.21642827799855,0.0012521642827799855,-0.001934711418762114,RANGE_BOUND,25332.208854724446,24844.2619452516,25868.654894695508,1
2025-07-18,2025-07-24,LONG_CALL,-64.99999999999855,47.33476206400001,-112.33476206399857,-0.0011233476206399856,0.002520743199786013,BULLISH,25164.68485651578,24680.434778334526,25697.066621320195,2
2025-07-18,2025-07-24,SHORT_PUT,142.5,47.473949829999995,95.02605017,0.0009502605017000001,0.002520743199786013,BULLISH,25164.68485651578,24680.434778334526,25697.066621320195,3
2025-07-18,2025-07-24,LONG_SYNTHETIC_FUTURE,77.50000000000145,94.808711894,-17.30871189399855,-0.00017308711893998548,0.002520743199786013,BULLISH,25164.68485651578,24680.434778334526,25697.066621320195,1
2025-07-25,2025-07-31,SHORT_CALL,122.7,47.436049066,75.26395093400001,0.0007526395093400001,-0.0031589028748028047,RANGE_BOUND,24859.88014314452,24379.148922168602,25388.39329647424,3
2025-07-25,2025-07-31,SHORT_PUT,41.20000000000145,47.464231312,-6.26423131199855,-6.264231311998551e-05,-0.0031589028748028047,RANGE_BOUND,24859.88014314452,24379.148922168602,25388.39329647424,2
2025-07-25,2025-07-31,SHORT_STRADDLE,163.90000000000146,94.90028037800002,68.99971962200144,0.0006899971962200143,-0.0031589028748028047,RANGE_BOUND,24859.88014314452,24379.148922168602,25388.39329647424,1
2025-08-01,2025-08-07,LONG_CALL,-94.54999999999855,47.29600366300001,-141.84600366299856,-0.0014184600366299856,0.0018759745322245447,BULLISH,24818.725811413486,24342.3123965301,25342.491993433967,2
2025-08-01,2025-08-07,SHORT_PUT,181.75,47.549081395,134.200918605,0.00134200918605,0.0018759745322245447,BULLISH,24818.725811413486,24342.3123965301,25342.491993433967,3
2025-08-01,2025-08-07,LONG_SYNTHETIC_FUTURE,87.20000000000145,94.84508505800001,-7.645085057998557,-7.645085057998557e-05,0.0018759745322245447,BULLISH,24818.725811413486,24342.3123965301,25342.491993433967,1
2025-08-08,2025-08-14,LONG_CALL,121.40000000000073,47.69840446,73.70159554000074,0.0007370159554000074,0.00996681818739753,BULLISH,24568.908925284355,24096.09561664568,25088.71717110121,2
2025-08-08,2025-08-14,SHORT_PUT,151.95,47.492038831,104.45796116899999,0.0010445796116899998,0.00996681818739753,BULLISH,24568.908925284355,24096.09561664568,25088.71717110121,3
2025-08-08,2025-08-14,LONG_SYNTHETIC_FUTURE,273.3500000000007,95.19044329100001,178.1595567090007,0.0017815955670900069,0.00996681818739753,BULLISH,24568.908925284355,24096.09561664568,25088.71717110121,1
2025-08-18,2025-08-21,SHORT_CALL,-70.0,47.474003679999996,-117.47400368,-0.0011747400368,0.0062362817822068095,RANGE_BOUND,25066.937671399108,24583.954691331925,25597.926395787952,3
2025-08-18,2025-08-21,SHORT_PUT,116.25,47.423702605,68.826297395,0.00068826297395,0.0062362817822068095,RANGE_BOUND,25066.937671399108,24583.954691331925,25597.926395787952,2
2025-08-18,2025-08-21,SHORT_STRADDLE,46.25,94.897706285,-48.647706285,-0.00048647706284999997,0.0062362817822068095,RANGE_BOUND,25066.937671399108,24583.954691331925,25597.926395787952,1
2025-08-22,2025-08-28,SHORT_CALL,114.35,47.420065662999995,66.92993433699999,0.0006692993433699999,-0.016141729120980663,RANGE_BOUND,24810.165530506343,24328.509618082295,25339.695284322548,3
2025-08-22,2025-08-28,SHORT_PUT,-290.6000000000007,47.596988404,-338.1969884040007,-0.003381969884040007,-0.016141729120980663,RANGE_BOUND,24810.165530506343,24328.509618082295,25339.695284322548,2
2025-08-22,2025-08-28,SHORT_STRADDLE,-176.2500000000007,95.017054067,-271.2670540670007,-0.002712670540670007,-0.016141729120980663,RANGE_BOUND,24810.165530506343,24328.509618082295,25339.695284322548,1
2025-08-29,2025-09-02,LONG_CALL,87.69999999999928,47.494281682,40.20571831799928,0.00040205718317999276,0.005018621405458168,BULLISH,24693.32295617421,24218.04509334114,25215.840718768824,2
2025-08-29,2025-09-02,SHORT_PUT,134.7,47.459019226,87.24098077399998,0.0008724098077399998,0.005018621405458168,BULLISH,24693.32295617421,24218.04509334114,25215.840718768824,3
2025-08-29,2025-09-02,LONG_SYNTHETIC_FUTURE,222.39999999999927,94.95330090799999,127.44669909199928,0.0012744669909199927,0.005018621405458168,BULLISH,24693.32295617421,24218.04509334114,25215.840718768824,1
2025-09-03,2025-09-09,SHORT_CALL,-69.19999999999928,47.423179432,-116.62317943199928,-0.0011662317943199928,0.005529337325848038,RANGE_BOUND,24704.275090570158,24224.265438443934,25231.994955235747,3
2025-09-03,2025-09-09,SHORT_PUT,146.45,47.481510841,98.96848915899999,0.00098968489159,0.005529337325848038,RANGE_BOUND,24704.275090570158,24224.265438443934,25231.994955235747,2
2025-09-03,2025-09-09,SHORT_STRADDLE,77.25000000000071,94.904690273,-17.65469027299929,-0.0001765469027299929,0.005529337325848038,RANGE_BOUND,24704.275090570158,24224.265438443934,25231.994955235747,1
2025-09-10,2025-09-16,SHORT_CALL,-188.40000000000146,47.50419017200001,-235.90419017200145,-0.0023590419017200143,0.010334113743055262,RANGE_BOUND,25008.63164113987,24523.607762583608,25541.86411764845,3
2025-09-10,2025-09-16,SHORT_PUT,124.5,47.43949459,77.06050540999999,0.0007706050540999999,0.010334113743055262,RANGE_BOUND,25008.63164113987,24523.607762583608,25541.86411764845,2
2025-09-10,2025-09-16,SHORT_STRADDLE,-63.900000000001455,94.943684762,-158.84368476200146,-0.0015884368476200147,0.010334113743055262,RANGE_BOUND,25008.63164113987,24523.607762583608,25541.86411764845,1
2025-09-17,2025-09-23,SHORT_CALL,97.6,47.388003147999996,50.211996852,0.00050211996852,-0.00659235192775165,RANGE_BOUND,25517.155284624467,25025.339373276594,26057.854883116357,3
2025-09-17,2025-09-23,SHORT_PUT,-31.700000000000728,47.480575185999996,-79.18057518600072,-0.0007918057518600072,-0.00659235192775165,RANGE_BOUND,25517.155284624467,25025.339373276594,26057.854883116357,2
2025-09-17,2025-09-23,SHORT_STRADDLE,65.89999999999927,94.868578334,-28.96857833400074,-0.00028968578334000736,-0.00659235192775165,RANGE_BOUND,25517.155284624467,25025.339373276594,26057.854883116357,1
2025-09-26,2025-09-30,LONG_CALL,-85.0,47.237755299999996,-132.2377553,-0.001322377553,-0.0031551363107992225,BULLISH,24840.564383464633,24362.938036493426,25365.664056081394,2
2025-09-26,2025-09-30,SHORT_PUT,6.75,47.42163557499999,-40.67163557499999,-0.0004067163557499999,-0.0031551363107992225,BULLISH,24840.564383464633,24362.938036493426,25365.664056081394,3
2025-09-26,2025-09-30,LONG_SYNTHETIC_FUTURE,-78.25,94.65939087500001,-172.909390875,-0.00172909390875,-0.0031551363107992225,BULLISH,24840.564383464633,24362.938036493426,25365.664056081394,1
2025-10-01,2025-10-07,LONG_CALL,216.49999999999926,47.75191235799999,168.74808764199926,0.0016874808764199927,0.01033756288250176,BULLISH,25147.709255412567,24664.718537341636,25678.706486918454,2
2025-10-01,2025-10-07,SHORT_PUT,137.25,47.463900384999995,89.78609961500001,0.0008978609961500002,0.01033756288250176,BULLISH,25147.709255412567,24664.718537341636,25678.706486918454,3
2025-10-01,2025-10-07,LONG_SYNTHETIC_FUTURE,353.74999999999926,95.215812743,258.53418725699925,0.0025853418725699925,0.01033756288250176,BULLISH,25147.709255412567,24664.718537341636,25678.706486918454,1
2025-10-08,2025-10-14,SHORT_CALL,-24.799999999999997,47.40369367599999,-72.20369367599999,-0.0007220369367599999,0.0034075890511298113,RANGE_BOUND,25029.45840387361,24543.504030366406,25563.713861206452,3
2025-10-08,2025-10-14,SHORT_PUT,121.3,47.433369213999995,73.866630786,0.00073866630786,0.0034075890511298113,RANGE_BOUND,25029.45840387361,24543.504030366406,25563.713861206452,2
2025-10-08,2025-10-14,SHORT_STRADDLE,96.5,94.83706289,1.6629371100000014,1.6629371100000013e-05,0.0034075890511298113,RANGE_BOUND,25029.45840387361,24543.504030366406,25563.713861206452,1
2025-10-15,2025-10-20,SHORT_CALL,-421.44999999999857,47.609239255,-469.05923925499854,-0.004690592392549985,0.019284320820616152,RANGE_BOUND,25460.901116090932,24969.058121729937,26001.63048949247,3
2025-10-15,2025-10-20,SHORT_PUT,108.6,47.409059127999996,61.190940872,0.00061190940872,0.019284320820616152,RANGE_BOUND,25460.901116090932,24969.058121729937,26001.63048949247,2
2025-10-15,2025-10-20,SHORT_STRADDLE,-312.84999999999854,95.018298383,-407.86829838299855,-0.0040786829838299855,0.019284320820616152,RANGE_BOUND,25460.901116090932,24969.058121729937,26001.63048949247,1
2025-10-21,2025-10-28,SHORT_CALL,120.89999999999856,47.485430806000004,73.41456919399855,0.0007341456919399854,0.0006214704531330995,RANGE_BOUND,26026.22817873846,25525.070562363333,26577.197994278886,3
2025-10-21,2025-10-28,SHORT_PUT,128.4,47.446959892,80.95304010800001,0.0008095304010800001,0.0006214704531330995,RANGE_BOUND,26026.22817873846,25525.070562363333,26577.197994278886,2
2025-10-21,2025-10-28,SHORT_STRADDLE,249.29999999999856,94.93239069799999,154.36760930199858,0.001543676093019986,0.0006214704531330995,RANGE_BOUND,26026.22817873846,25525.070562363333,26577.197994278886,1
2025-10-29,2025-11-04,LONG_CALL,-91.75,47.240753515,-138.990753515,-0.00138990753515,-0.0202144161105543,BULLISH,26426.89654855647,25919.30865106505,26984.935778358507,2
2025-10-29,2025-11-04,SHORT_PUT,-332.3500000000007,47.842525069000004,-380.1925250690007,-0.003801925250690007,-0.0202144161105543,BULLISH,26426.89654855647,25919.30865106505,26984.935778358507,3
2025-10-29,2025-11-04,LONG_SYNTHETIC_FUTURE,-424.1000000000007,95.083278584,-519.1832785840007,-0.005191832785840007,-0.0202144161105543,BULLISH,26426.89654855647,25919.30865106505,26984.935778358507,1
2025-11-06,2025-11-11,LONG_CALL,95.90000000000146,47.536863262,48.36313673800146,0.0004836313673800146,0.007187675594680698,BULLISH,25846.34831018881,25350.589885930283,26391.38228481342,2
2025-11-06,2025-11-11,SHORT_PUT,161.7,47.51070208599999,114.18929791400001,0.00114189297914,0.007187675594680698,BULLISH,25846.34831018881,25350.589885930283,26391.38228481342,3
2025-11-06,2025-11-11,LONG_SYNTHETIC_FUTURE,257.60000000000144,95.04756534799999,162.55243465200147,0.0016255243465200147,0.007187675594680698,BULLISH,25846.34831018881,25350.589885930283,26391.38228481342,1
2025-11-12,2025-11-18,SHORT_CALL,101.7,47.395851285999996,54.30414871400001,0.0005430414871400001,-0.001435382762322912,RANGE_BOUND,25912.19173686924,25409.49038874598,26464.85872225948,3
2025-11-12,2025-11-18,SHORT_PUT,112.19999999999928,47.53669820799999,64.66330179199929,0.0006466330179199928,-0.001435382762322912,RANGE_BOUND,25912.19173686924,25409.49038874598,26464.85872225948,2
2025-11-12,2025-11-18,SHORT_STRADDLE,213.8999999999993,94.93254949400001,118.96745050599928,0.001189674505059993,-0.001435382762322912,RANGE_BOUND,25912.19173686924,25409.49038874598,26464.85872225948,1
2025-11-19,2025-11-25,SHORT_CALL,154.45,47.496824281,106.95317571899999,0.0010695317571899998,-0.007065321621725351,RANGE_BOUND,26080.003547561035,25575.659808141827,26634.476168543362,3
2025-11-19,2025-11-25,SHORT_PUT,-29.00000000000074,47.530552312,-76.53055231200074,-0.0007653055231200074,-0.007065321621725351,RANGE_BOUND,26080.003547561035,25575.659808141827,26634.476168543362,2
2025-11-19,2025-11-25,SHORT_STRADDLE,125.44999999999925,95.02737659300001,30.422623406999236,0.00030422623406999234,-0.007065321621725351,RANGE_BOUND,26080.003547561035,25575.659808141827,26634.476168543362,1
2025-11-26,2025-12-02,SHORT_CALL,58.7,47.313541546,11.386458454,0.00011386458454,-0.006375752429760628,RANGE_BOUND,26483.037458921564,25972.692897594185,27044.10734916969,3
2025-11-26,2025-12-02,SHORT_PUT,46.400000000000006,47.731010452,-1.331010451999994,-1.331010451999994e-05,-0.006375752429760628,RANGE_BOUND,26483.037458921564,25972.692897594185,27044.10734916969,2
2025-11-26,2025-12-02,SHORT_STRADDLE,105.10000000000001,95.044551998,10.055448002000006,0.00010055448002000005,-0.006375752429760628,RANGE_BOUND,26483.037458921564,25972.692897594185,27044.10734916969,1
2025-12-03,2025-12-09,SHORT_CALL,70.25,47.335650324999996,22.914349675000004,0.00022914349675000003,-0.006733955203893416,RANGE_BOUND,26197.66843705285,25692.06340302238,26753.527718112964,3
2025-12-03,2025-12-09,SHORT_PUT,5.950000000000728,47.660185279000004,-41.710185278999276,-0.0004171018527899928,-0.006733955203893416,RANGE_BOUND,26197.66843705285,25692.06340302238,26753.527718112964,2
2025-12-03,2025-12-09,SHORT_STRADDLE,76.20000000000073,94.995835604,-18.79583560399928,-0.0001879583560399928,-0.006733955203893416,RANGE_BOUND,26197.66843705285,25692.06340302238,26753.527718112964,1
2025-12-10,2025-12-16,SHORT_CALL,12.34999999999927,47.43872255499999,-35.08872255500072,-0.0003508872255500072,0.002969389767204511,RANGE_BOUND,25980.451307183997,25480.11391920638,26530.519368318008,3
2025-12-10,2025-12-16,SHORT_PUT,157.3,47.502279694,109.797720306,0.00109797720306,0.002969389767204511,RANGE_BOUND,25980.451307183997,25480.11391920638,26530.519368318008,2
2025-12-10,2025-12-16,SHORT_STRADDLE,169.6499999999993,94.94100224900002,74.70899775099927,0.0007470899775099927,0.002969389767204511,RANGE_BOUND,25980.451307183997,25480.11391920638,26530.519368318008,1
2025-12-17,2025-12-23,SHORT_CALL,-210.30000000000146,47.52240781000001,-257.8224078100015,-0.002578224078100015,0.011935376750148663,RANGE_BOUND,25916.828384497414,25415.83520070198,26467.617423800708,3
2025-12-17,2025-12-23,SHORT_PUT,136.95,47.463326131,89.48667386899999,0.0008948667386899998,0.011935376750148663,RANGE_BOUND,25916.828384497414,25415.83520070198,26467.617423800708,2
2025-12-17,2025-12-23,SHORT_STRADDLE,-73.35000000000147,94.985733941,-168.33573394100148,-0.0016833573394100148,0.011935376750148663,RANGE_BOUND,25916.828384497414,25415.83520070198,26467.617423800708,1
2025-12-26,2025-12-30,SHORT_CALL,71.05,47.337181668999996,23.712818331,0.00023712818331000002,-0.004735190059938166,RANGE_BOUND,26028.092397699074,25523.957584381114,26582.335326521275,3
2025-12-26,2025-12-30,SHORT_PUT,-52.250000000000725,47.368129626999995,-99.61812962700071,-0.000996181296270007,-0.004735190059938166,RANGE_BOUND,26028.092397699074,25523.957584381114,26582.335326521275,2
2025-12-26,2025-12-30,SHORT_STRADDLE,18.799999999999272,94.70531129600002,-75.90531129600075,-0.0007590531129600074,-0.004735190059938166,RANGE_BOUND,26028.092397699074,25523.957584381114,26582.335326521275,1
2025-12-31,2026-01-06,SHORT_CALL,47.7,47.292485565999996,0.40751443400000653,4.075144340000066e-06,-0.00042591543296965906,RANGE_BOUND,26406.574405524465,25897.872235493036,26965.8386601805,3
2025-12-31,2026-01-06,SHORT_PUT,154.74999999999855,47.532538099,107.21746190099856,0.0010721746190099856,-0.00042591543296965906,RANGE_BOUND,26406.574405524465,25897.872235493036,26965.8386601805,2
2025-12-31,2026-01-06,SHORT_STRADDLE,202.44999999999857,94.825023665,107.62497633499856,0.0010762497633499857,-0.00042591543296965906,RANGE_BOUND,26406.574405524465,25897.872235493036,26965.8386601805,1
2026-01-07,2026-01-13,LONG_CALL,-57.9,47.225718022,-105.125718022,-0.00105125718022,-0.01694282131326874,BULLISH,26387.75614107892,25880.234016619375,26945.723060386106,2
2026-01-07,2026-01-13,SHORT_PUT,-314.1000000000007,47.682894153999996,-361.7828941540007,-0.003617828941540007,-0.01694282131326874,BULLISH,26387.75614107892,25880.234016619375,26945.723060386106,3
2026-01-07,2026-01-13,LONG_SYNTHETIC_FUTURE,-372.0000000000007,94.908612176,-466.9086121760007,-0.004669086121760007,-0.01694282131326874,BULLISH,26387.75614107892,25880.234016619375,26945.723060386106,1
2026-01-14,2026-01-20,LONG_CALL,-116.85,47.251902433,-164.101902433,-0.00164101902433,-0.01787783350830119,BULLISH,25951.939328359924,25454.40503224076,26498.925686345592,2
2026-01-14,2026-01-20,SHORT_PUT,-308.8999999999993,47.64945406599999,-356.54945406599927,-0.0035654945406599927,-0.01787783350830119,BULLISH,25951.939328359924,25454.40503224076,26498.925686345592,3
2026-01-14,2026-01-20,LONG_SYNTHETIC_FUTURE,-425.7499999999993,94.901356499,-520.6513564989993,-0.0052065135649899934,-0.01787783350830119,BULLISH,25951.939328359924,25454.40503224076,26498.925686345592,1
2026-01-21,2026-01-27,LONG_CALL,-146.1,47.264894698,-193.364894698,-0.0019336489469800001,-0.0005560365713196402,BULLISH,25408.582140732055,24921.509625682967,25944.066876477413,2
2026-01-21,2026-01-27,SHORT_PUT,130.25000000000074,47.534930413,82.71506958700074,0.0008271506958700074,-0.0005560365713196402,BULLISH,25408.582140732055,24921.509625682967,25944.066876477413,3
2026-01-21,2026-01-27,LONG_SYNTHETIC_FUTURE,-15.849999999999255,94.799825111,-110.64982511099926,-0.0011064982511099926,-0.0005560365713196402,BULLISH,25408.582140732055,24921.509625682967,25944.066876477413,1
2026-01-28,2026-02-03,SHORT_CALL,-197.39999999999856,47.68907400399999,-245.08907400399855,-0.0024508907400399853,0.014408417942350482,RANGE_BOUND,25475.95143547473,24983.61320887373,26017.22526436693,3
2026-01-28,2026-02-03,SHORT_PUT,250.3,47.680298434,202.619701566,0.00202619701566,0.014408417942350482,RANGE_BOUND,25475.95143547473,24983.61320887373,26017.22526436693,2
2026-01-28,2026-02-03,SHORT_STRADDLE,52.900000000001455,95.36937243800001,-42.46937243799856,-0.0004246937243799856,0.014408417942350482,RANGE_BOUND,25475.95143547473,24983.61320887373,26017.22526436693,1
2026-02-04,2026-02-10,SHORT_CALL,-0.29999999999853344,47.520398542,-47.820398541998536,-0.00047820398541998537,0.00529231531057528,RANGE_BOUND,25778.29287601348,25278.247597677422,26328.03979347917,3
2026-02-04,2026-02-10,SHORT_PUT,185.2,47.555685316,137.644314684,0.00137644314684,0.00529231531057528,RANGE_BOUND,25778.29287601348,25278.247597677422,26328.03979347917,2
2026-02-04,2026-02-10,SHORT_STRADDLE,184.90000000000146,95.076083858,89.82391614200145,0.0008982391614200145,0.00529231531057528,RANGE_BOUND,25778.29287601348,25278.247597677422,26328.03979347917,1
2026-02-11,2026-02-17,SHORT_CALL,106.05,47.40417796899999,58.64582203100001,0.00058645822031,-0.009802186641635457,RANGE_BOUND,25928.16456398411,25425.306521284914,26481.003818494446,3
2026-02-11,2026-02-17,SHORT_PUT,-126.49999999999855,47.573624026,-174.07362402599855,-0.0017407362402599856,-0.009802186641635457,RANGE_BOUND,25928.16456398411,25425.306521284914,26481.003818494446,2
2026-02-11,2026-02-17,SHORT_STRADDLE,-20.449999999998553,94.977801995,-115.42780199499855,-0.0011542780199499854,-0.009802186641635457,RANGE_BOUND,25928.16456398411,25425.306521284914,26481.003818494446,1
2026-02-18,2026-02-24,SHORT_CALL,121.05,47.432890669,73.617109331,0.0007361710933099999,-0.01572336784395101,RANGE_BOUND,25874.67649433651,25375.037461197335,26423.97678815751,3
2026-02-18,2026-02-24,SHORT_PUT,-288.7999999999993,47.65844958400001,-336.45844958399925,-0.0033645844958399927,-0.01572336784395101,RANGE_BOUND,25874.67649433651,25375.037461197335,26423.97678815751,2
2026-02-18,2026-02-24,SHORT_STRADDLE,-167.74999999999926,95.091340253,-262.84134025299926,-0.0026284134025299924,-0.01572336784395101,RANGE_BOUND,25874.67649433651,25375.037461197335,26423.97678815751,1
2026-02-25,2026-03-02,SHORT_CALL,84.3,47.362544553999996,36.937455446,0.00036937455446,-0.025229429391934066,RANGE_BOUND,25703.444048452162,25207.654672178636,26248.51205154494,3
2026-02-25,2026-03-02,SHORT_PUT,-443.2999999999993,47.927535993999996,-491.22753599399925,-0.0049122753599399925,-0.025229429391934066,RANGE_BOUND,25703.444048452162,25207.654672178636,26248.51205154494,2
2026-02-25,2026-03-02,SHORT_STRADDLE,-358.99999999999926,95.29008054799999,-454.29008054799925,-0.0045429008054799925,-0.025229429391934066,RANGE_BOUND,25703.444048452162,25207.654672178636,26248.51205154494,1
2026-03-04,2026-03-10,SHORT_CALL,263.1,47.70479993800001,215.39520006200001,0.0021539520006200004,-0.007773127188861473,RANGE_BOUND,24515.500714368005,24039.90946238306,25038.363015202813,3
2026-03-04,2026-03-10,SHORT_PUT,153.34999999999854,47.98148418700001,105.36851581299854,0.0010536851581299854,-0.007773127188861473,RANGE_BOUND,24515.500714368005,24039.90946238306,25038.363015202813,2
2026-03-04,2026-03-10,SHORT_STRADDLE,416.44999999999857,95.686284125,320.7637158749986,0.003207637158749986,-0.007773127188861473,RANGE_BOUND,24515.500714368005,24039.90946238306,25038.363015202813,1
2026-03-11,2026-03-17,LONG_PUT,11.599999999998545,47.97805886799999,-36.378058868001446,-0.0003637805886800145,-0.01343826626731992,BEARISH,23191.418438581713,22728.31632464936,23700.55025251129,3
2026-03-11,2026-03-17,SHORT_CALL,265.95,47.710255350999994,218.239744649,0.00218239744649,-0.01343826626731992,BEARISH,23191.418438581713,22728.31632464936,23700.55025251129,2
2026-03-11,2026-03-17,SHORT_SYNTHETIC_FUTURE,277.54999999999853,95.688314219,181.86168578099853,0.0018186168578099853,-0.01343826626731992,BEARISH,23191.418438581713,22728.31632464936,23700.55025251129,1
2026-03-18,2026-03-24,SHORT_CALL,198.8,47.581718163999994,151.21828183600002,0.0015121828183600001,-0.03566561800777246,RANGE_BOUND,23850.727587359954,23390.772906452934,24356.399131432838,3
2026-03-18,2026-03-24,SHORT_PUT,-643.2999999999986,48.025333761999995,-691.3253337619985,-0.006913253337619985,-0.03566561800777246,RANGE_BOUND,23850.727587359954,23390.772906452934,24356.399131432838,2
2026-03-18,2026-03-24,SHORT_STRADDLE,-444.4999999999986,95.60705192600001,-540.1070519259986,-0.005401070519259986,-0.03566561800777246,RANGE_BOUND,23850.727587359954,23390.772906452934,24356.399131432838,1
2026-03-27,2026-03-30,LONG_PUT,277.54999999999853,48.21132483699999,229.33867516299853,0.0022933867516299854,-0.021834979795411935,BEARISH,22076.461571519667,21635.074230610902,22561.720288251105,3
2026-03-27,2026-03-30,SHORT_CALL,222.95,47.627945610999994,175.322054389,0.0017532205438899999,-0.021834979795411935,BEARISH,22076.461571519667,21635.074230610902,22561.720288251105,2
2026-03-27,2026-03-30,SHORT_SYNTHETIC_FUTURE,500.4999999999985,95.83927044800001,404.66072955199854,0.004046607295519985,-0.021834979795411935,BEARISH,22076.461571519667,21635.074230610902,22561.720288251105,1
