signal_date,expiry,target_date,spot,target_close,target_return,window,pred_return_ridge,pred_close_ridge,pred_regime_ridge,pred_return_rf,pred_close_rf,pred_regime_rf,pred_return_extra_trees,pred_close_extra_trees,pred_regime_extra_trees,pred_return_hgbr,pred_close_hgbr,pred_regime_hgbr,pred_return_xgboost,pred_close_xgboost,pred_regime_xgboost,pred_return_lstm,pred_close_lstm,pred_regime_lstm,pred_return_ensemble,pred_close_ensemble,pred_regime_ensemble
2023-01-06,2023-01-12,2023-01-12,17859.44921875,17858.19921875,-6.999096023008189e-05,3,0.014606362866904681,18120.31081464212,BULLISH,0.0017349102122495323,17890.43375958476,RANGE_BOUND,0.0019922071297628742,17895.028940817232,RANGE_BOUND,0.010752612256910501,18051.484951321203,BULLISH,0.004964278,17948.10767600732,BULLISH,0.003956564,17930.111135431565,BULLISH,0.00633448905269466,17972.579704313328,BULLISH
2023-01-13,2023-01-19,2023-01-19,17956.599609375,18107.849609375,0.008423086959127524,3,0.007970541063747501,18099.723423926793,BULLISH,0.0058708340772797305,18062.019826273787,BULLISH,0.002706665001463969,18005.202109083,BULLISH,0.0038269310962877885,18025.318278803705,BULLISH,0.012347773,18178.324422852835,BULLISH,0.014431715,18215.74413751485,BULLISH,0.007859076494641926,18097.721899288736,BULLISH
2023-01-20,2023-01-25,2023-01-25,18027.650390625,17891.94921875,-0.0075273909208695144,3,0.02210516936260606,18426.154655719616,BULLISH,0.0025817360015715535,18074.193024662225,BULLISH,0.0011753887819517042,18048.839888659088,RANGE_BOUND,-0.009781173505305685,17851.318814261303,BEARISH,7.349797e-05,18028.976362739922,RANGE_BOUND,0.005911045,18134.21169908275,BULLISH,0.0036776105644479424,18093.94906815374,BULLISH
2023-01-27,2023-02-02,2023-02-02,17604.349609375,17610.400390625,0.00034370944591888275,3,0.010475070998959462,17788.756421423706,BULLISH,0.003298658276717901,17662.4203429202,BULLISH,0.0027006136532110496,17651.89215628598,BULLISH,0.01650753780124267,17894.95407601805,BULLISH,0.013563248,17843.12225025962,BULLISH,0.027416922,18087.00708564045,BULLISH,0.012327008535173009,17821.358577265935,BULLISH
2023-02-03,2023-02-09,2023-02-09,17854.05078125,17893.44921875,0.0022066946029624113,3,-0.0057313013472592,17751.723835953388,BEARISH,0.007172760451410567,17982.113610591223,BULLISH,0.006450609084832486,17969.22028342059,BULLISH,-0.0027119882153252336,17805.63080593543,BEARISH,0.015060763,18122.946755606215,BULLISH,0.029330283,18377.71461847052,BULLISH,0.008261854375306217,18001.558348814007,BULLISH
2023-02-10,2023-02-16,2023-02-16,17856.5,18035.849609375,0.010043939706829486,3,0.01313963738608243,18091.12793498458,BULLISH,0.0027955182512289295,17906.41817165307,BULLISH,0.0013715012310221463,17880.99021173175,RANGE_BOUND,0.004666233520350827,17939.822598856146,BULLISH,0.012843711,18085.844030201435,BULLISH,0.019390605,18202.74794602394,BULLISH,0.009034534513406764,18017.82516553865,BULLISH
2023-02-17,2023-02-23,2023-02-23,17944.19921875,17511.25,-0.02412753076758134,3,-0.006117528145625231,17834.42507497859,BEARISH,2.9257759527566893e-05,17944.72422581566,RANGE_BOUND,0.0011660090060598407,17965.122316645597,RANGE_BOUND,-0.005505809238195747,17845.40188091938,BEARISH,-0.0069671217,17819.17969808099,BEARISH,0.002457209,17988.292801200878,RANGE_BOUND,-0.0024896639036671134,17899.524193674868,RANGE_BOUND
2023-02-24,2023-03-02,2023-03-02,17465.80078125,17321.900390625,-0.0082389804182057,3,-0.01278170030648344,17242.558150051318,BEARISH,0.0015729111607999632,17493.27293423114,RANGE_BOUND,0.002199472222947363,17504.216324919893,RANGE_BOUND,0.002206462365194291,17504.33841335181,RANGE_BOUND,0.009641725,17634.201954959426,BULLISH,0.0069751665,17587.627779878676,BULLISH,0.0016356727634522956,17494.369115879774,RANGE_BOUND
2023-03-03,2023-03-09,2023-03-09,17594.349609375,17589.599609375,-0.0002699730371089615,3,0.0025669501317307714,17639.513427422502,BULLISH,0.004347408938464791,17670.83944213327,BULLISH,0.0035915371226728486,17657.540369146354,BULLISH,-0.010303836579404056,17413.060306279098,BEARISH,0.003780772,17660.868964893976,BULLISH,0.009744003,17765.78979858407,BULLISH,0.0022878058344619275,17634.602065064893,RANGE_BOUND
2023-03-10,2023-03-16,2023-03-16,17412.900390625,16985.599609375,-0.024539322666777386,3,-0.013105224804951698,17184.70041649963,BEARISH,0.0013648579283369133,17436.666525778488,RANGE_BOUND,0.0012928671135610012,17435.412956891752,RANGE_BOUND,0.0020398406104678315,17448.419931987828,RANGE_BOUND,-0.002158045,17375.32255461556,RANGE_BOUND,0.00395377,17481.74776879023,BULLISH,-0.0011019890699641057,17393.71156471816,RANGE_BOUND
2023-03-17,2023-03-23,2023-03-23,17100.05078125,17076.900390625,-0.0013538199927677352,3,-0.0018993184887970264,17067.572338641803,RANGE_BOUND,-0.011700743670820728,16899.967470300577,BEARISH,-0.011148720961599117,16909.407086660667,BEARISH,0.004425928903102838,17175.73439024726,BULLISH,-0.016117996,16824.432333468692,BEARISH,0.016067147,17374.79981521936,BULLISH,-0.0033956170946738153,17041.985556497395,BEARISH
2023-03-24,2023-03-29,2023-03-29,16945.05078125,17080.69921875,0.008005195100984741,3,0.02547904244785605,17376.794449386547,BULLISH,-0.0022658452883232375,16906.65591777691,RANGE_BOUND,0.00028517340470980907,16949.88305907427,RANGE_BOUND,-0.00603046136225042,16842.864307232303,BEARISH,-0.0041574864,16874.60201090318,BEARISH,0.030053228,17454.30476322258,BULLISH,0.007227275161695588,17067.517325874996,BULLISH
2023-03-31,2023-04-06,2023-04-06,17359.75,17599.150390625,0.013790543678624312,3,0.00802278188877357,17499.023487893635,BULLISH,0.0010648094853689131,17378.23482646363,RANGE_BOUND,0.00255174280613782,17404.047617178854,BULLISH,0.0005598001042400035,17369.46798985958,RANGE_BOUND,-0.003998383,17290.338796764612,BEARISH,0.02521395,17797.45798712969,BULLISH,0.005569116786414412,17456.428475132958,BULLISH
2023-04-10,2023-04-13,2023-04-13,17624.05078125,17828.0,0.011572210116812531,3,0.026562844022895753,18092.19569320394,BULLISH,0.0010797399984674133,17643.080173813538,RANGE_BOUND,0.0032158416712120236,17680.7269381679,BULLISH,0.005880192193564455,17727.68358707289,BULLISH,0.008015085,17765.30819300143,BULLISH,0.002598904,17669.85360468412,BULLISH,0.007892101161849779,17763.141572897202,BULLISH
2023-04-17,2023-04-20,2023-04-20,17706.849609375,17624.44921875,-0.004653588438531253,3,0.0077023110206025595,17843.23327226144,BULLISH,0.008342073065384106,17854.561442574173,BULLISH,0.005774150982650366,17809.091632446612,BULLISH,0.004423710840749914,17785.17959194752,BULLISH,-0.00060836656,17696.07703459484,RANGE_BOUND,0.0027114823,17754.862342979293,BULLISH,0.004724226948432885,17790.500785471457,BULLISH
2023-04-21,2023-04-27,2023-04-27,17624.05078125,17915.05078125,0.01651152754902352,3,0.012365550209919094,17841.98186608771,BULLISH,0.008795914272258216,17779.0704210518,BULLISH,0.005905842066683967,17728.13564173928,BULLISH,0.0055010533200536465,17721.00162431299,BULLISH,0.0056072418,17722.873193335254,BULLISH,0.015440442,17896.174303220585,BULLISH,0.00893600721693553,17781.539426222887,BULLISH
2023-04-28,2023-05-04,2023-05-04,18065.0,18255.80078125,0.010561903196789402,3,0.0008016490453107094,18079.481790003538,RANGE_BOUND,0.003379306569398234,18126.047173176183,BULLISH,0.0027494115953474226,18114.668120469953,BULLISH,-0.009485589351669512,17893.642828362088,BEARISH,0.0037408401,18132.57732629776,BULLISH,0.019095019,18409.952316880226,BULLISH,0.0033801060817109907,18126.061616366107,BULLISH
2023-05-05,2023-05-11,2023-05-11,18069.0,18297.0,0.012618296529968376,3,-0.011152411418863289,17867.48707807256,BEARISH,0.0006744872240305816,18081.187309651006,RANGE_BOUND,0.00244767362380206,18113.227014708482,RANGE_BOUND,0.005714412218541354,18172.253714376824,BULLISH,-0.0015225483,18041.48920583725,RANGE_BOUND,0.0004126802,18076.457122564316,RANGE_BOUND,-0.0005709510679498018,18058.683485153215,RANGE_BOUND
2023-05-12,2023-05-18,2023-05-18,18314.80078125,18129.94921875,-0.01009301519071093,3,-0.003975668094443352,18241.987212127897,BEARISH,0.004417446423606996,18395.70543246021,BULLISH,0.003302358790521853,18375.282824606616,BULLISH,-0.00018925739492250065,18311.334569765615,RANGE_BOUND,0.0054918802,18415.382970475126,BULLISH,0.00084295124,18330.238855877426,RANGE_BOUND,0.0016482851995415423,18344.98879631029,RANGE_BOUND
2023-05-19,2023-05-25,2023-05-25,18203.400390625,18321.150390625,0.006468571666458756,3,0.0053483878631983665,18300.759236343158,BULLISH,-0.0009148130062564714,18186.747683189562,RANGE_BOUND,-0.00014003667574786292,18200.85124694699,RANGE_BOUND,-0.0007174654834176328,18190.340079163896,RANGE_BOUND,-0.0014451622,18177.09330571466,RANGE_BOUND,0.008954659,18366.405364411185,BULLISH,0.0018475949292796091,18237.032900882365,RANGE_BOUND
2023-05-26,2023-06-01,2023-06-01,18499.349609375,18487.75,-0.0006270279561136904,3,-0.0025729758981278936,18451.751228699035,BEARISH,0.0039020480168945305,18571.5349598321,BULLISH,0.0027767284328399553,18550.7172794244,BULLISH,-0.00548055908177074,18397.962830866487,BEARISH,-0.001145649,18478.15562827338,RANGE_BOUND,0.015208341,18780.694443358807,BULLISH,0.0021146556080415204,18538.469362771586,RANGE_BOUND
2023-06-02,2023-06-08,2023-06-08,18534.099609375,18634.55078125,0.0054198031731840235,3,0.015943446099950655,18829.597027508185,BULLISH,-0.00024151816154787935,18529.623287711398,RANGE_BOUND,0.0015918961811176705,18563.60397176362,RANGE_BOUND,-0.007407428824577529,18396.809585690924,BEARISH,-0.0057992144,18426.616030365578,BEARISH,0.02098734,18923.082013455452,BULLISH,0.004179086709515662,18611.555218725378,BULLISH
2023-06-09,2023-06-15,2023-06-15,18563.400390625,18688.099609375,0.006717477193078025,3,0.020074773362657,18936.056446307055,BULLISH,0.00020953328401546924,18567.290040871343,RANGE_BOUND,0.001642889489631379,18593.89800601858,RANGE_BOUND,-0.00819884851056322,18411.201882981335,BEARISH,-0.0020854732,18524.687397189904,RANGE_BOUND,0.01478409,18837.843515115324,BULLISH,0.004404494115177668,18645.162778403195,BULLISH
2023-06-16,2023-06-22,2023-06-22,18826.0,18771.25,-0.0029082120471688455,3,-0.011369329733025554,18611.960998446062,BEARISH,0.0012887912075228959,18850.262783272825,RANGE_BOUND,0.0026900158776918094,18876.642238913428,BULLISH,0.0032511812442750513,18887.206738104724,BULLISH,-0.002620275,18776.670612692833,BEARISH,0.012240596,19056.442444324493,BULLISH,0.0009134966354209855,18843.197487658435,RANGE_BOUND
2023-06-23,2023-06-28,2023-06-28,18665.5,18972.099609375,0.016426005699016866,3,0.007558858380336042,18806.589871098164,BULLISH,0.004109540053818999,18742.206619874556,BULLISH,0.0023635109960152595,18709.616114496122,RANGE_BOUND,0.005076042679870173,18760.246874641118,BULLISH,0.004568553,18750.774770498276,BULLISH,0.017383978,18989.979802668095,BULLISH,0.006843413824144054,18793.23574073456,BULLISH
2023-06-30,2023-07-06,2023-07-06,19189.05078125,19497.30078125,0.01606384825982099,3,-0.01861856281395678,18831.77823393909,BEARISH,0.004343947780939674,19272.40701580955,BULLISH,0.006003502488637145,19304.252295369817,BULLISH,0.008320373889549579,19348.710858335555,BULLISH,0.0074141733,19331.322659175377,BULLISH,0.009014703,19362.0348102008,BULLISH,0.0027463563355640697,19241.750752436546,BULLISH
2023-07-07,2023-07-13,2023-07-13,19331.80078125,19413.75,0.0042390887262546695,3,-0.009813702838559835,19142.084233048572,BEARISH,0.002881850528435649,19387.512141547057,BULLISH,0.003307231661030416,19395.73552485848,BULLISH,0.0016613166979091655,19363.917024688544,RANGE_BOUND,0.003374178,19397.030509604607,BULLISH,0.0030101463,19389.992474261206,BULLISH,0.0007368367218705262,19346.04516196551,RANGE_BOUND
2023-07-14,2023-07-20,2023-07-20,19564.5,19979.150390625,0.021194019301540967,3,0.009150949022814749,19743.53374215686,BULLISH,0.0017162510650806629,19598.077593962767,RANGE_BOUND,0.0028903344478773242,19621.047948305495,BULLISH,-0.003845287732942435,19489.268868148847,BEARISH,-0.00096596876,19545.601615011692,RANGE_BOUND,0.013217665,19823.097449183464,BULLISH,0.0036939905489964376,19636.771078095837,BULLISH
2023-07-21,2023-07-27,2023-07-27,19745.0,19659.900390625,-0.004309932103064074,3,-0.003047323733122696,19684.83059288949,BEARISH,-0.003945844492459507,19667.089300496387,BEARISH,0.00030224444234072906,19750.96781651402,RANGE_BOUND,0.001780775394053165,19780.16141015558,RANGE_BOUND,-0.0092421295,19562.514391839504,BEARISH,0.0040559694,19825.08526325226,BULLISH,-0.0016827180807040566,19711.774731496498,RANGE_BOUND
2023-07-28,2023-08-03,2023-08-03,19646.05078125,19381.650390625,-0.013458195418966423,3,0.01175969668197007,19877.08237943608,BULLISH,-0.004513726635570574,19557.3738785549,BEARISH,-3.571087859466945e-05,19645.349203515685,RANGE_BOUND,0.0010685965289293727,19667.044482922014,RANGE_BOUND,-0.0042018523,19563.501426826464,BEARISH,0.011655964,19875.043709187303,BULLISH,0.0026221612338666136,19697.56589400717,BULLISH
2023-08-04,2023-08-10,2023-08-10,19517.0,19543.099609375,0.0013372756763334603,3,0.0011583939451407488,19539.60837462731,RANGE_BOUND,0.004544105739185681,19605.68731171169,BULLISH,0.002915519390768943,19573.902191949637,BULLISH,0.0024606560011409,19565.024623174268,RANGE_BOUND,0.00642045,19642.308764338493,BULLISH,0.01655721,19840.14719724655,BULLISH,0.005676055681559766,19627.779578737,BULLISH
2023-08-11,2023-08-17,2023-08-17,19428.30078125,19365.25,-0.0032453060079680185,3,0.014475004035099154,19709.525513453715,BULLISH,0.0022926337272555332,19472.84275888436,RANGE_BOUND,0.0020081231450856294,19467.315201718513,RANGE_BOUND,0.0005931143300847796,19439.823984852555,RANGE_BOUND,0.0021759656,19470.57534863474,RANGE_BOUND,0.013784833,19696.117681162432,BULLISH,0.005888279011530279,19542.70003696993,BULLISH
2023-08-18,2023-08-24,2023-08-24,19310.150390625,19386.69921875,0.003964175657697799,3,0.00421012394003426,19391.448517070232,BULLISH,8.558177129876927e-05,19311.802987499475,RANGE_BOUND,0.0018116819961681249,19345.134242430995,RANGE_BOUND,0.002043560053615305,19349.611842592585,RANGE_BOUND,0.0032596956,19373.09489253536,BULLISH,0.012830071,19557.89998697536,BULLISH,0.004040119085515214,19388.165697762335,BULLISH
2023-08-25,2023-08-31,2023-08-31,19265.80078125,19253.80078125,-0.0006228653631505932,3,0.002314541175997561,19310.39227044677,RANGE_BOUND,0.0013187297316832774,19291.20716554492,RANGE_BOUND,0.0019667345032955163,19303.6914963801,RANGE_BOUND,-0.0028215021801574615,19211.442282343225,BEARISH,-0.0021349278,19224.669853902888,RANGE_BOUND,0.014946356,19553.754019278567,BULLISH,0.002598321977544789,19315.85953483492,BULLISH
2023-09-01,2023-09-07,2023-09-07,19435.30078125,19727.05078125,0.015011344732131171,3,-0.0016588232105478342,19403.061053210084,RANGE_BOUND,0.001543791285299645,19465.30482922327,RANGE_BOUND,0.002171879784315965,19477.511918118897,RANGE_BOUND,-0.005721879688736119,19324.094328465286,BEARISH,-0.0067793145,19303.542792304885,BEARISH,0.015320495,19733.060074067675,BULLISH,0.0008126914094813564,19451.095683235606,RANGE_BOUND
2023-09-08,2023-09-14,2023-09-14,19819.94921875,20103.099609375,0.01428613098348075,3,-0.0009299242847032835,19801.518166649897,RANGE_BOUND,0.0015678039295424135,19851.023013018486,RANGE_BOUND,0.00371507578917598,19893.581832235275,BULLISH,-0.006900763657186199,19683.176433493976,BEARISH,0.003375042,19886.842605862767,BULLISH,0.010746904,20032.953338380903,BULLISH,0.0019290229152344907,19858.182354971752,RANGE_BOUND
2023-09-15,2023-09-21,2023-09-21,20192.349609375,19742.349609375,-0.022285668023055205,3,0.003760917830032846,20268.291377051155,BULLISH,0.0064999745534287294,20323.599368009873,BULLISH,0.004002499962290318,20273.169487925075,BULLISH,0.013004791959224611,20454.946915212855,BULLISH,0.0067032436,20327.704129562946,BULLISH,0.014085881,20476.77680184762,BULLISH,0.008009551551316189,20354.081274513486,BULLISH
2023-09-22,2023-09-28,2023-09-28,19674.25,19523.55078125,-0.007659718604266952,3,0.00687085425842804,19809.42890439388,BULLISH,-0.002370831036551879,19627.605677479118,RANGE_BOUND,-2.407929323845267e-05,19673.776257965004,RANGE_BOUND,0.006108866827139719,19794.437373173852,BULLISH,-0.0039778575,19595.98907624185,BEARISH,0.032652475,20316.66339483857,BULLISH,0.00654323802758059,19802.983300764125,BULLISH
2023-09-29,2023-10-05,2023-10-05,19638.30078125,19545.75,-0.004712769311404186,3,-0.0006004215583902631,19626.509522090786,RANGE_BOUND,0.0011058321100534266,19660.017444840792,RANGE_BOUND,0.0019132210474454199,19675.873191640752,RANGE_BOUND,-0.0018442556605049324,19602.08273387148,RANGE_BOUND,-0.0008634129,19621.344426565338,RANGE_BOUND,0.022720538,20084.494273555465,BULLISH,0.003738583516558942,19711.720208844006,BULLISH
2023-10-06,2023-10-12,2023-10-12,19653.5,19794.0,0.007148853893708562,3,-0.00904292398992415,19475.774893364025,BEARISH,0.0024456483199004828,19701.565549255163,RANGE_BOUND,0.0015725911713896001,19684.406920586905,RANGE_BOUND,0.004908695039672425,19749.9730379622,BULLISH,0.0010206164,19673.55973660946,RANGE_BOUND,0.019192532,20030.70130044222,BULLISH,0.003349526438671126,19719.329917862422,BULLISH
2023-10-13,2023-10-19,2023-10-19,19751.05078125,19624.69921875,-0.00639720711061853,3,0.00702622411828622,19889.826090610713,BULLISH,-0.0004763892461592119,19741.64159305747,RANGE_BOUND,0.0014468731454035952,19779.62804621889,RANGE_BOUND,0.0031550365325568007,19813.366068021227,BULLISH,-0.003326891,19685.3411515709,BEARISH,0.012664743,20001.19378888607,BULLISH,0.003414932721293362,19818.499290842818,BULLISH
2023-10-20,2023-10-26,2023-10-26,19542.650390625,18857.25,-0.035072028456989646,3,0.003414896813127206,19609.386525164,BULLISH,0.00031935273587925924,19548.89138949358,RANGE_BOUND,0.001516500632671637,19572.28683230646,RANGE_BOUND,-0.015615042162487451,19237.49108080864,BEARISH,-0.00279161,19488.09544950456,BEARISH,0.027625911,20082.53405540879,BULLISH,0.0024116681460379925,19589.780778061227,RANGE_BOUND
2023-10-27,2023-11-02,2023-11-02,19047.25,19133.25,0.004515087479819879,3,-0.005784981707315539,18937.062007175333,BEARISH,-0.0017504917997775411,19013.907945066687,RANGE_BOUND,0.0010384654062960564,19067.029910210073,RANGE_BOUND,0.0023154048553806544,19091.35209513165,RANGE_BOUND,-0.007297501,18908.25239086151,BEARISH,0.032474555,19665.80025959015,BULLISH,0.003499241810295468,19113.90093357115,BULLISH
2023-11-03,2023-11-09,2023-11-09,19230.599609375,19395.30078125,0.008564536479388263,3,0.005191938055222514,19330.443691311662,BULLISH,0.0018283602693133542,19265.760073655856,RANGE_BOUND,-0.00383860459157714,19156.780941415673,BEARISH,0.005499928097701135,19336.366524502242,BULLISH,-0.0012983764,19205.63121466094,RANGE_BOUND,0.016768165,19553.062478334177,BULLISH,0.004025235067390362,19308.0072932896,BULLISH
2023-11-10,2023-11-16,2023-11-16,19425.349609375,19765.19921875,0.017495160509800156,3,-0.005850731454006303,19311.69710541036,BEARISH,0.0007121360684129709,19439.18310147337,RANGE_BOUND,0.001720090565639507,19458.762969972337,RANGE_BOUND,-0.00048117785831910357,19416.00256125286,RANGE_BOUND,-0.0055785454,19316.984948596917,BEARISH,0.014448158,19706.010283071548,BULLISH,0.0008283217294778085,19441.440048559147,RANGE_BOUND
2023-11-17,2023-11-23,2023-11-23,19731.80078125,19802.0,0.0035576691417189554,3,-0.008022742897554946,19573.497616676257,BEARISH,0.0032219229918192247,19795.375123857102,BULLISH,0.0035259725430058257,19801.37456902875,BULLISH,0.009939774718134512,19927.930435798735,BULLISH,0.00012586157,19734.28471918404,RANGE_BOUND,0.008293755,19895.451362580527,BULLISH,0.002847424045755318,19787.985585260583,BULLISH
2023-11-24,2023-11-30,2023-11-30,19794.69921875,20133.150390625,0.01709807096004834,3,0.013840629034654967,20068.67030748929,BULLISH,0.00040275732294574627,19802.67167881586,RANGE_BOUND,0.002303065541517156,19840.287708425396,RANGE_BOUND,-0.0021870974325425433,19751.40628291072,RANGE_BOUND,-0.00032076897,19788.349233675282,RANGE_BOUND,0.01694166,20130.054413422477,BULLISH,0.0051633741076264434,19896.90665616435,BULLISH
2023-12-01,2023-12-07,2023-12-07,20267.900390625,20901.150390625,0.031243986194688045,3,-0.00020952003622806822,20263.65385940089,RANGE_BOUND,0.006775368085958994,20405.222876101037,BULLISH,0.003602784349323627,20340.921264945995,BULLISH,0.006386794014531456,20397.347295526964,BULLISH,0.005983677,20389.17763472884,BULLISH,0.02009125,20675.10876131477,BULLISH,0.0071050590299103445,20411.905019312737,BULLISH
2023-12-08,2023-12-14,2023-12-14,20969.400390625,21182.69921875,0.010171908788596529,3,-0.002612613162048336,20914.615459164193,BEARISH,0.003935927178790574,21051.934423545405,BULLISH,0.003613260015962269,21045.168286615146,BULLISH,0.003526851111721636,21043.356343704814,BULLISH,0.0023901176,21019.52032444859,RANGE_BOUND,0.009128876,21160.828540863236,BULLISH,0.003330403132032539,21039.23694736278,BULLISH
2023-12-15,2023-12-21,2023-12-21,21456.650390625,21255.05078125,-0.009395670139784928,3,0.01124193205220127,21697.864596384243,BULLISH,0.004929563625539901,21562.42231391655,BULLISH,0.0033511400696508895,21528.554631509513,BULLISH,0.0028401742009729345,21517.59101550375,BULLISH,0.0016488032,21492.027765697567,RANGE_BOUND,0.01921051,21868.84246752248,BULLISH,0.00720368719096649,21611.21738820499,BULLISH
2023-12-22,2023-12-28,2023-12-28,21349.400390625,21778.69921875,0.020108238183284666,3,0.01126901405525197,21589.987083698157,BULLISH,0.0033124277340051142,21420.118736583285,BULLISH,0.003192917338591109,21417.567261300752,BULLISH,0.007175064418752559,21502.583713729473,BULLISH,0.0045774975,21447.127644729568,BULLISH,0.02105818,21798.98037214321,BULLISH,0.008430850078456668,21529.393984583305,BULLISH
2023-12-29,2024-01-04,2024-01-04,21731.400390625,21658.599609375,-0.003350027146957646,3,0.0015428352395996964,21764.928360953505,RANGE_BOUND,0.004156003705982201,21821.71617118462,BULLISH,0.003155941133030794,21799.983410996138,BULLISH,0.0007700232472463703,21748.134074120997,RANGE_BOUND,0.0020211255,21775.3211653498,RANGE_BOUND,0.014351107,22043.27053253958,BULLISH,0.004332839337293862,21825.559057091985,BULLISH
2024-01-05,2024-01-11,2024-01-11,21710.80078125,21647.19921875,-0.002929489480412384,4,0.010025227891436712,21928.456506787614,BULLISH,0.004363587459653753,21805.537759278104,BULLISH,0.0036149021124289335,21789.283200856666,BULLISH,0.010724321030147567,21943.634378649702,BULLISH,0.011453249,21959.460464317817,BULLISH,0.011281639,21955.733558360953,BULLISH,0.008577154398605876,21897.017671668156,BULLISH
2024-01-12,2024-01-18,2024-01-18,21894.55078125,21462.25,-0.019744674625624792,4,0.011950287229454723,22156.19695184582,BULLISH,0.00497609568549263,22003.50016092838,BULLISH,0.0042648526364041615,21987.9278138723,BULLISH,-0.004624690144502025,21793.295268033653,BEARISH,0.003789548,21977.52114710631,BULLISH,0.010532871,22125.16293154098,BULLISH,0.00514816072653504,22007.26744770716,BULLISH
2024-01-19,2024-01-25,2024-01-25,21622.400390625,21352.599609375,-0.01247783670526148,4,0.006040246285920829,21753.005014277165,BULLISH,0.0041126503194500435,21711.32576249878,BULLISH,0.010896379202130718,21858.006264541553,BULLISH,-0.004839655697926345,21517.755417371667,BEARISH,0.001996928,21665.577617280884,RANGE_BOUND,0.017097697,21992.09395580599,BULLISH,0.005884040777696049,21749.62747623511,BULLISH
2024-01-29,2024-02-01,2024-02-01,21737.599609375,21697.44921875,-0.001847048034120724,4,0.08672540142187465,23622.801661446032,BULLISH,0.003705661903107647,21818.15180411247,BULLISH,0.0036447569186451125,21816.827875946004,BULLISH,-0.009372953608952508,21533.854096666342,BEARISH,-0.0015449299,21704.01605284959,RANGE_BOUND,0.04374683,22688.550663071917,BULLISH,0.02115079429052531,22197.367107082693,BULLISH
2024-02-02,2024-02-08,2024-02-08,21853.80078125,21717.94921875,-0.006216381482554656,4,0.02289812390156795,22354.211819259246,BULLISH,0.006205504762936863,21989.41464608632,BULLISH,0.004509907848182234,21952.35940890597,BULLISH,0.010418463660883932,22081.48381054165,BULLISH,0.005386413,21971.515661752317,BULLISH,0.01751694,22236.613167786505,BULLISH,0.011155892346789814,22097.599430133818,BULLISH
2024-02-09,2024-02-15,2024-02-15,21782.5,21910.75,0.005887753930907902,4,0.01001707572084827,22000.696951889375,BULLISH,0.004138825638925922,21872.653969479903,BULLISH,0.0036863550339130764,21862.79802852621,BULLISH,0.003141907793616464,21850.938606514454,BULLISH,0.0016455888,21818.34452033043,RANGE_BOUND,0.019064158,22197.76567518711,BULLISH,0.006948985195034336,21933.866270010836,BULLISH
2024-02-16,2024-02-22,2024-02-22,22040.69921875,22217.44921875,0.008019255571059203,4,-0.010996036584698882,21798.33888378828,BEARISH,0.003708108273050618,22122.428517866865,BULLISH,0.0034599528718736593,22116.95899931002,BULLISH,-0.01399572785631716,21732.22359072143,BEARISH,-0.00018519873,22036.61746570631,RANGE_BOUND,0.013803765,22344.942869822495,BULLISH,-0.0007008561418361316,22025.251859332177,RANGE_BOUND
2024-02-23,2024-02-29,2024-02-29,22212.69921875,21982.80078125,-0.010349864968501432,4,0.00020691036411513413,22217.29525643333,RANGE_BOUND,0.002786655298034361,22274.598354711576,BULLISH,0.0033056672150066297,22286.127010314227,BULLISH,0.010923319950661934,22455.335639284225,BULLISH,0.0014438804,22244.77131139487,RANGE_BOUND,0.012177318,22483.190990197007,BULLISH,0.005140625256622477,22326.886381371663,BULLISH
2024-03-01,2024-03-07,2024-03-07,22338.75,22493.55078125,0.006929697554697523,4,-0.015391460421961507,21994.92401349891,BEARISH,0.004471615959810676,22438.64031102222,BULLISH,0.004615858474109565,22441.862508488517,BULLISH,0.003911950427507624,22426.138082612484,BULLISH,0.007733921,22511.51657626033,BULLISH,0.015046507,22674.86949518323,BULLISH,0.0033980654357249145,22414.6585342523,BULLISH
2024-03-11,2024-03-14,2024-03-14,22332.650390625,22146.650390625,-0.00832861289397524,4,0.017269364386990643,22718.32106794797,BULLISH,0.0013358309723631384,22362.483036711757,RANGE_BOUND,0.0021209717918169615,22380.017312140026,RANGE_BOUND,0.005524844553967693,22456.03481251131,BULLISH,0.0021592425,22380.871894899057,RANGE_BOUND,0.0067813396,22484.095678105485,BULLISH,0.005865265644795059,22463.637317718352,BULLISH
2024-03-15,2024-03-21,2024-03-21,22023.349609375,22011.94921875,-0.0005176501679902135,4,-0.0028934775597868993,21959.62554148893,BEARISH,-0.0025133639690984944,21967.996915987937,BEARISH,0.0004702457006756225,22033.705994843283,RANGE_BOUND,-0.017288980601762198,21642.58834519269,BEARISH,-0.013509104,21725.834093557787,BEARISH,0.0063847005,22163.962757793488,BULLISH,-0.004891663320264704,21915.618797901454,BEARISH
2024-03-22,2024-03-28,2024-03-28,22096.75,22326.900390625,0.01041557652709102,4,0.04078848797154708,22998.04302158528,BULLISH,-0.005276114247661471,21980.165022497986,BEARISH,0.0021261131071395162,22143.730189800186,RANGE_BOUND,0.0011652412596543428,22122.498044804266,RANGE_BOUND,-0.0012679186,22068.73330962658,RANGE_BOUND,0.014023855,22406.632613033056,BULLISH,0.008593277466807237,22286.633503864672,BULLISH
2024-04-01,2024-04-04,2024-04-04,22462.0,22514.650390625,0.002343976076262022,4,0.02697838227458242,23067.98842265167,BULLISH,0.0044474666704432935,22561.898996351498,BULLISH,0.004055899877909245,22553.103623057596,BULLISH,0.0024946554052998515,22518.034949713845,RANGE_BOUND,0.0037815482,22546.941335201263,BULLISH,0.010707468,22702.51181101799,BULLISH,0.008744236709703096,22658.41304497335,BULLISH
2024-04-05,2024-04-10,2024-04-10,22513.69921875,22753.80078125,0.010664687316246813,4,-0.004110642287723811,22421.153454688312,BEARISH,0.001225752166742938,22541.29543434878,RANGE_BOUND,0.0024902916905579476,22569.764896838176,RANGE_BOUND,0.0003302289578104045,22521.133894179464,RANGE_BOUND,-0.0056481045,22386.540122492937,BEARISH,0.011955157,22782.853690332267,BULLISH,0.0010404471626298988,22537.123533222453,RANGE_BOUND
2024-04-12,2024-04-18,2024-04-18,22519.400390625,21995.849609375,-0.02324887750865512,4,-5.808302825883278e-05,22518.092395655738,RANGE_BOUND,0.001259595399934929,22547.765723766326,RANGE_BOUND,0.0020307041321122312,22565.13063005093,RANGE_BOUND,-0.0006591620363545272,22504.556456806033,RANGE_BOUND,-0.00019267997,22515.06086126191,RANGE_BOUND,0.0062937587,22661.132399442606,BULLISH,0.0014456888738769288,22551.956437216108,RANGE_BOUND
2024-04-19,2024-04-25,2024-04-25,22147.0,22570.349609375,0.01911543818011463,4,-0.009480488977174323,21937.03561062252,BEARISH,-0.006291791177576932,22007.655700790205,BEARISH,-0.009195852040552345,21943.339464857887,BEARISH,0.0009949198363140514,22169.034489614845,RANGE_BOUND,-0.0015612942,22112.422241806984,RANGE_BOUND,0.012475342,22423.29204952717,BULLISH,-0.002176527498985451,22098.79644547997,RANGE_BOUND
2024-04-26,2024-05-02,2024-05-02,22419.94921875,22648.19921875,0.010180665342859552,4,0.011380618014430416,22675.102096711522,BULLISH,0.002968334510969935,22486.49912775021,BULLISH,0.002291307604950364,22471.320218897523,RANGE_BOUND,-0.008100545400454254,22238.335402227636,BEARISH,-0.0010652385,22396.066273424774,RANGE_BOUND,0.010165945,22647.868848499842,BULLISH,0.002940070155001974,22485.865442324706,BULLISH
2024-05-03,2024-05-09,2024-05-09,22475.849609375,21957.5,-0.023062514582709692,4,0.001355748747640102,22506.321214335057,RANGE_BOUND,-0.008957117684913649,22274.530779355406,BEARISH,-0.010769632149593164,22233.792976832454,BEARISH,0.0021214124145883017,22523.530155764747,RANGE_BOUND,-0.013142812,22180.453469820786,BEARISH,0.01533553,22820.52934612613,BULLISH,-0.002342811782568376,22423.19292408692,RANGE_BOUND
2024-05-10,2024-05-16,2024-05-16,22055.19921875,22403.849609375,0.015808081675752872,4,-0.012067053565778363,21789.057948373433,BEARISH,-0.011180274545416683,21808.616036330513,BEARISH,-0.012745292193348181,21774.099260324525,BEARISH,-0.0044358475372485275,21957.36571761198,BEARISH,-0.019655738,21621.687425662996,BEARISH,0.005105287,22167.79667970445,BULLISH,-0.009163153171845219,21853.10405007303,BEARISH
2024-05-17,2024-05-23,2024-05-23,22466.099609375,22967.650390625,0.022324782226136985,4,0.010380869074947834,22699.31724804466,BULLISH,0.0062296791425353526,22606.056201525644,BULLISH,0.004969908249779758,22577.754063164008,BULLISH,0.01990990028993719,22913.397412501454,BULLISH,0.0094079515,22677.46061005257,BULLISH,0.016209424,22830.260794196744,BULLISH,0.011184621965960725,22717.37444055548,BULLISH
2024-05-24,2024-05-30,2024-05-30,22957.099609375,22488.650390625,-0.020405418224465066,4,0.010845450713913997,23206.07970172289,BULLISH,-0.006194818757977189,22814.88453808609,BEARISH,-0.0025240759500501455,22899.154146368073,BEARISH,0.007838612110816897,23137.051408402276,BULLISH,-0.0052485736,22836.608202266507,BEARISH,0.015108764,23303.954381786752,BULLISH,0.0033042264466012403,23032.955065041555,BULLISH
2024-05-31,2024-06-06,2024-06-06,22530.69921875,22821.400390625,0.012902447858035293,4,-0.04469582187031512,21523.671099855103,BEARISH,0.0028970597681816234,22595.972001005644,BULLISH,0.005674629435996134,22658.552587750295,BULLISH,-0.020587395125251144,22066.85081148541,BEARISH,-0.004714331,22424.48251430341,BEARISH,0.003571108,22611.159785806667,BULLISH,-0.00964245848862954,22313.447886813407,BEARISH
2024-06-07,2024-06-13,2024-06-13,23290.150390625,23398.900390625,0.004669355851123047,4,0.001978391008505219,23336.227414744546,RANGE_BOUND,0.0061872411840413,23434.252168304392,BULLISH,0.007863563956542492,23473.293977779173,BULLISH,-0.0066962907278088546,23134.192772514984,BEARISH,0.015605268,23653.59810769977,BULLISH,0.003192395,23364.502443726175,BULLISH,0.004688428076956552,23399.34458563295,BULLISH
2024-06-14,2024-06-20,2024-06-20,23465.599609375,23567.0,0.004321235864967576,4,0.031843838531716226,24212.83437438584,BULLISH,0.007047867893736616,23630.982055469194,BULLISH,0.007013635615081062,23630.178774524546,BULLISH,0.011103304218284718,23726.14530050235,BULLISH,0.019505862,23923.316273126984,BULLISH,0.0054588616,23593.694370426238,BULLISH,0.01366222833247773,23786.19198919678,BULLISH
2024-06-21,2024-06-27,2024-06-27,23501.099609375,24044.5,0.02312233893975879,4,0.00381159399401498,23590.67625949884,BULLISH,-0.00699793237777449,23336.640503505252,BEARISH,-0.0019317455805899675,23455.701464065587,RANGE_BOUND,0.0063937309507596215,23651.359317324346,BULLISH,-0.0075117466,23324.565577782923,BEARISH,0.00326851,23577.91249049781,BULLISH,-0.0004945982523932849,23489.476006578883,RANGE_BOUND
2024-06-28,2024-07-04,2024-07-04,24010.599609375,24302.150390625,0.012142586440705205,4,0.01876537555155164,24461.16752826286,BULLISH,0.004794254171327881,24125.712526708332,BULLISH,0.006396488235973057,24164.183127315027,BULLISH,0.009301122998161803,24233.925149601415,BULLISH,0.009229611,24232.20928098634,BULLISH,0.02261819,24553.675542460056,BULLISH,0.011850840180862715,24295.14538799239,BULLISH
2024-07-05,2024-07-11,2024-07-11,24323.849609375,24315.94921875,-0.000324800175624973,4,0.006048747161336098,24470.978425652476,BULLISH,0.003444019614946418,24407.62142454069,BULLISH,0.0037059453658880148,24413.992467115422,BULLISH,0.002741065384241508,24390.522871550755,BULLISH,0.0038434423,24417.336542517645,BULLISH,0.016886175,24734.587832554244,BULLISH,0.006111565751545732,24472.50641559341,BULLISH
2024-07-12,2024-07-18,2024-07-18,24502.150390625,24800.849609375,0.012190734853390284,4,-0.005609122691598176,24364.714822875994,BEARISH,0.006871656282745253,24670.52074629751,BULLISH,0.004463809454073655,24611.523321183806,BULLISH,0.01431794988166788,24852.97095191106,BULLISH,0.012967813,24819.88998744404,BULLISH,0.022614539,25056.253757679835,BULLISH,0.009271107404199069,24729.312458530323,BULLISH
2024-07-19,2024-07-25,2024-07-25,24530.900390625,24406.099609375,-0.005087492887040357,4,-0.024909284117649425,23919.853223133163,BEARISH,-0.010862010314106992,24264.4454975677,BEARISH,-0.009854809210172424,24289.153047521646,BEARISH,-0.011865567642815373,24239.827332700876,BEARISH,-0.010661027,24269.376315017464,BEARISH,-0.0010008812,24506.34787372593,RANGE_BOUND,-0.011525596645674619,24248.167127367433,BEARISH
2024-07-26,2024-08-01,2024-08-01,24834.849609375,25010.900390625,0.007088860372383321,4,-0.021650938580064394,24297.151805837286,BEARISH,0.0021588222112179645,24888.463634323973,RANGE_BOUND,0.005173811607449696,24963.340442553254,BULLISH,-0.001843870433874283,24789.05736445056,RANGE_BOUND,0.0025607373,24898.44507175195,BULLISH,0.016028464,25232.91261805035,BULLISH,0.0004045043258651693,24844.8954134742,RANGE_BOUND
2024-08-02,2024-08-08,2024-08-08,24717.69921875,24117.0,-0.024302392121283267,4,-0.005398375723954503,24584.263791335492,BEARISH,0.002904511977388522,24789.492072184345,BULLISH,0.002389663858442391,24776.766211236896,RANGE_BOUND,-0.004878689299872938,24597.10924405401,BEARISH,0.0003389107,24726.07634387957,RANGE_BOUND,0.017282233,25144.876615350135,BULLISH,0.002106375692449623,24769.763979557654,RANGE_BOUND
2024-08-09,2024-08-14,2024-08-14,24367.5,24143.75,-0.009182312506412216,4,-0.025895169060547726,23736.499467917103,BEARISH,-0.0052979557259547165,24238.4020638478,BEARISH,-0.010138983814454779,24120.438311901275,BEARISH,0.00021631028461511207,24372.77094086036,RANGE_BOUND,-0.0087890765,24153.33251953125,BEARISH,0.013412148,24694.319784343243,BULLISH,-0.006082121170964915,24219.293912366513,BEARISH
2024-08-16,2024-08-22,2024-08-22,24541.150390625,24811.5,0.011016175080295953,4,0.003739868688291399,24632.93107054555,BULLISH,0.004181917317735165,24643.779452440696,BULLISH,0.003963946085849237,24638.430187658152,BULLISH,0.006551911552264274,24701.94183737519,BULLISH,-0.002424131,24481.659674979048,RANGE_BOUND,0.014294222,24891.948139451677,BULLISH,0.005051289121111384,24665.114836612724,BULLISH
2024-08-23,2024-08-29,2024-08-29,24823.150390625,25151.94921875,0.013245652664988894,4,0.025134591593791174,25447.07013776462,BULLISH,0.0028081691171284438,24892.857994941787,BULLISH,0.0032508096728977418,24903.84572802664,BULLISH,0.005358398961896434,24956.16273390912,BULLISH,0.007499818,25009.319402280496,BULLISH,0.024603039,25433.874588652747,BULLISH,0.011442471099405676,25107.188571565926,BULLISH
2024-08-30,2024-09-05,2024-09-05,25235.900390625,25145.099609375,-0.0035980797136024867,4,0.006191142933453039,25392.139456997746,BULLISH,0.0071304535848722254,25415.84380703281,BULLISH,0.0049829955655631,25361.65077036448,BULLISH,0.007203514886230309,25417.687574756295,BULLISH,0.01007316,25490.10628306959,BULLISH,0.023494154,25828.795774064725,BULLISH,0.00984590350105153,25484.370630633246,BULLISH
2024-09-06,2024-09-12,2024-09-12,24852.150390625,25388.900390625,0.021597728629651147,4,-0.008571005504215426,24639.142472835363,BEARISH,-0.0024025973364518484,24792.440680291384,RANGE_BOUND,0.00026142981884135625,24858.647483799436,RANGE_BOUND,-0.01719762400980133,24424.752452371995,BEARISH,-0.00780776,24658.111469985917,BEARISH,0.02506736,25475.127430932596,BULLISH,-0.0017750329760538458,24808.03700415579,RANGE_BOUND
2024-09-13,2024-09-19,2024-09-19,25356.5,25415.80078125,0.0023386816496755447,4,-9.139746660710496e-05,25354.182480137977,RANGE_BOUND,0.00396162479813912,25456.952939194016,BULLISH,0.0038984622988753968,25455.351359281434,BULLISH,0.011688853727936023,25652.88841955241,BULLISH,0.0058507863,25504.855605602264,BULLISH,0.015329897,25745.211032152176,BULLISH,0.006773037850879561,25528.240534265824,BULLISH
2024-09-20,2024-09-26,2024-09-26,25790.94921875,26216.05078125,0.016482586929795984,4,-0.052961238864708056,24425.028596628224,BEARISH,-0.006336182964568743,25627.533045670098,BEARISH,-0.0044085067022027295,25677.24964626297,BEARISH,-0.006965414881434062,25611.304557255407,BEARISH,-0.0088413535,25562.92277679057,BEARISH,-0.012257248,25474.823922440875,BEARISH,-0.015294990840788966,25396.476886673965,BEARISH
2024-09-27,2024-10-03,2024-10-03,26178.94921875,25250.099609375,-0.0354807827317124,4,0.013483690986506444,26531.93808036707,BULLISH,0.003677135255859974,26275.212755883633,BULLISH,0.003516198777761336,26270.999607996047,BULLISH,0.0052074725195975224,26315.275377398582,BULLISH,0.004641191,26300.450310460757,BULLISH,0.014060408,26547.035142362583,BULLISH,0.007431016086543,26373.48541152332,BULLISH
2024-10-04,2024-10-10,2024-10-10,25014.599609375,24998.44921875,-0.0006456385821561605,4,-0.004154618372202939,24910.67349426459,BEARISH,0.016776616063727576,25434.25994300935,BULLISH,0.01779230161135631,25459.666910312317,BULLISH,0.0009069561595352844,25037.286754569028,RANGE_BOUND,0.01836921,25474.09773862455,BULLISH,0.032678127,25832.029879488982,BULLISH,0.013728098939201605,25358.002507737016,BULLISH
2024-10-11,2024-10-17,2024-10-17,24964.25,24749.849609375,-0.008588296889552094,4,-0.005565602476350094,24825.30890837978,BEARISH,0.0010635428464309822,24990.800549504012,RANGE_BOUND,0.002227527844696591,25019.858561996967,RANGE_BOUND,-0.007669909322044968,24772.77646620714,BEARISH,-0.005467768,24827.751160770655,BEARISH,0.019921869,25461.58526316285,BULLISH,0.0007516100175092039,24983.0133803796,RANGE_BOUND
2024-10-18,2024-10-24,2024-10-24,24854.05078125,24399.400390625,-0.0182928084691929,4,-0.005172725727169782,24725.487593349444,BEARISH,0.0002852075481566942,24861.139344135085,RANGE_BOUND,0.0010728467090791959,24880.715367837955,RANGE_BOUND,-0.010453267861034258,24594.244731001847,BEARISH,-0.005756101,24710.988872885937,BEARISH,0.015107632,25229.536626292393,BULLISH,-0.0008194014588301194,24833.685335782007,RANGE_BOUND
2024-10-25,2024-10-31,2024-10-31,24180.80078125,24205.349609375,0.0010152198162121095,4,-0.028960330240810586,23480.51680513775,BEARISH,-0.0027738887447049635,24113.725930124936,BEARISH,-0.0072244471515830605,24006.1078639229,BEARISH,0.00033638217266463376,24188.93477155357,RANGE_BOUND,-0.0024193928,24122.297458379762,RANGE_BOUND,0.0039117336,24275.389632801525,BULLISH,-0.006188323858041516,24031.16215486884,BEARISH
2024-11-01,2024-11-07,2024-11-07,24304.349609375,24199.349609375,-0.004320214352063867,4,-0.01848417638852287,23855.103724186985,BEARISH,0.006632968559172187,24465.559596185114,BULLISH,0.004166511422273071,24405.613959633378,BULLISH,-0.011278239544724877,24030.23933250173,BEARISH,0.009604766,24537.7883100959,BULLISH,0.0041207373,24404.50072538224,BULLISH,-0.000872905433998068,24283.13421053119,RANGE_BOUND
2024-11-08,2024-11-14,2024-11-14,24148.19921875,23532.69921875,-0.025488443027341434,4,-0.009387005717196742,23921.519934623586,BEARISH,-0.001754997758237338,24105.819183255626,RANGE_BOUND,5.8814743030443884e-05,24149.6194888817,RANGE_BOUND,-0.0032230105889064116,24070.36931696495,BEARISH,-0.0050832336,24025.447573067388,BEARISH,-0.0031711757,24071.62031607423,BEARISH,-0.00376010143722268,24057.399540161237,BEARISH
2024-11-18,2024-11-21,2024-11-21,23453.80078125,23349.900390625,-0.004430002266756827,4,0.03351373507903165,24239.825247229197,BULLISH,-0.0006158961426997382,23439.35567581718,RANGE_BOUND,-0.0005614506134565794,23440.63263041348,RANGE_BOUND,-0.001555319229284178,23417.32263389512,RANGE_BOUND,-0.00025109496,23447.91119487933,RANGE_BOUND,-0.0043028444,23352.88237628946,BEARISH,0.004371188288705515,23556.32176055063,BULLISH
2024-11-22,2024-11-28,2024-11-28,23907.25,23914.150390625,0.0002886317173660391,4,-0.04757937744291517,22769.757928627867,BEARISH,-0.01014356123886512,23664.74534557214,BEARISH,-0.005530907932612681,23775.021201328047,BEARISH,-0.014868485179532846,23551.785407691612,BEARISH,-0.0067007956,23747.051969990134,BEARISH,-0.01713714,23497.54739639163,BEARISH,-0.016993377906509847,23500.98506604459,BEARISH
2024-11-29,2024-12-05,2024-12-05,24131.099609375,24708.400390625,0.02392351739436349,4,0.012589390469390786,24434.895444813184,BULLISH,0.0036464799332781247,24219.09317986852,BULLISH,0.003515895326963765,24215.942029726102,BULLISH,0.005819661766834991,24271.534447163365,BULLISH,0.0044240756,24237.85789021291,BULLISH,0.008073568,24325.923691289965,BULLISH,0.0063448452394364,24284.207701853906,BULLISH
2024-12-06,2024-12-12,2024-12-12,24677.80078125,24548.69921875,-0.005231485724533913,4,-0.002557149476360679,24614.695955904495,BEARISH,0.0019285284278801093,24725.3926215942,RANGE_BOUND,0.002803725837460458,24746.990568912093,BULLISH,-0.003457641326277839,24592.4737974271,BEARISH,0.0010065655,24702.64153549634,RANGE_BOUND,0.013080686,25000.60408805916,BULLISH,0.0021341192193166437,24730.466150187734,RANGE_BOUND
2024-12-13,2024-12-19,2024-12-19,24768.30078125,23951.69921875,-0.03296962394441605,4,0.02104995602848719,25289.672423595657,BULLISH,0.0035984509171860966,24857.42829591343,BULLISH,0.0036863984290620025,24859.606606340538,BULLISH,0.00031664807658042743,24776.143616052548,RANGE_BOUND,0.00033017367,24776.47951521445,RANGE_BOUND,0.017374262,25198.632102687843,BULLISH,0.0077259815562387354,24959.66021626531,BULLISH
2024-12-20,2024-12-26,2024-12-26,23587.5,23750.19921875,0.00689768812930569,4,0.010762260534869339,23841.354820366232,BULLISH,-0.0003486270608546157,23579.276759202094,RANGE_BOUND,0.0015158636278574484,23623.255433322087,RANGE_BOUND,0.02754341020606938,24237.180188235663,BULLISH,0.011649138,23862.27389574051,BULLISH,0.035912663,24434.589229524136,BULLISH,0.014505784724437336,23929.65519718767,BULLISH
2024-12-27,2025-01-02,2025-01-02,23813.400390625,24188.650390625,0.01575793434975914,4,-0.005234784150287476,23688.74237969571,BEARISH,-0.0028798632186025535,23744.821054730182,BEARISH,0.000526221974943545,23825.931525208678,RANGE_BOUND,-0.011781254973160118,23532.848648845098,BEARISH,-0.0021210373,23762.891423410154,RANGE_BOUND,0.013133913,24126.16281652893,BULLISH,-0.0013928007377426502,23780.233068992777,RANGE_BOUND
2025-01-03,2025-01-09,2025-01-09,24004.75,23526.5,-0.019923140211833057,5,-0.01860149784951664,23558.225694496818,BEARISH,0.0010208088215255139,24029.254260558515,RANGE_BOUND,9.58441045677785e-05,24007.050713769124,RANGE_BOUND,0.008585758596326367,24210.848988665162,BULLISH,0.004909818,24122.610274106264,BULLISH,-0.012485187,23705.045748218894,BEARISH,-0.0027457424726322565,23938.83913838008,BEARISH
2025-01-10,2025-01-16,2025-01-16,23431.5,23311.80078125,-0.005108474436122279,5,-0.00774313045734943,23250.066838688617,BEARISH,-0.0005070389107526766,23419.6193177627,RANGE_BOUND,-0.001299846982848908,23401.042635421374,RANGE_BOUND,-0.0024979501511134708,23372.969281034184,RANGE_BOUND,-0.0008972187,23410.476585298777,RANGE_BOUND,-0.009975599,23197.756443589926,BEARISH,-0.0038201307221964035,23341.988606982854,BEARISH
2025-01-17,2025-01-23,2025-01-23,23203.19921875,23205.349609375,9.267647123678557e-05,5,0.0026328458781742195,23264.28966617354,BULLISH,0.002197333703824463,23254.18439042991,RANGE_BOUND,0.0006615142998682752,23218.548466835895,RANGE_BOUND,0.004930377879246221,23317.599758905868,BULLISH,0.0084025655,23398.166095272638,BULLISH,-0.0036388955,23118.76455953694,BEARISH,0.0025309569656595207,23261.92551743828,BULLISH
2025-01-24,2025-01-30,2025-01-30,23092.19921875,23249.5,0.006811857968134882,5,0.00755647981184844,23266.694955957664,BULLISH,-0.0026006790573372606,23032.143819853936,BEARISH,-0.0029456987527736217,23024.17655631253,BEARISH,0.003143919226666454,23164.79922785984,BULLISH,-0.008844705,22887.95487677632,BEARISH,-0.00084658357,23072.650176435476,RANGE_BOUND,-0.0007562112734930522,23074.736637371036,RANGE_BOUND
2025-01-31,2025-02-06,2025-02-06,23508.400390625,23603.349609375,0.0040389485108422996,5,0.002823797618164811,23574.783355654912,BULLISH,-0.0006684649157331015,23492.68584973886,RANGE_BOUND,-0.0010438541521199669,23483.861049267547,RANGE_BOUND,-0.0010902509064156807,23482.770335790738,RANGE_BOUND,0.0003548413,23516.743194098817,RANGE_BOUND,-0.005966005,23368.149092656444,BEARISH,-0.0009316559963896591,23486.498648435547,RANGE_BOUND
2025-02-07,2025-02-13,2025-02-13,23559.94921875,23031.400390625,-0.022434209141009465,5,0.006732444352929384,23718.565265823076,BULLISH,0.001281340490627288,23590.137535641108,RANGE_BOUND,0.0008952454533973695,23581.041156170362,RANGE_BOUND,-0.0038720831780613865,23468.7231357041,BEARISH,8.098059e-05,23561.85623425478,RANGE_BOUND,-0.009083875,23345.933771798853,BEARISH,-0.0006609912904551651,23544.37629751284,RANGE_BOUND
2025-02-14,2025-02-20,2025-02-20,22929.25,22913.150390625,-0.0007021428688247511,5,0.0004957155897603082,22940.61638668651,RANGE_BOUND,2.8101316263732014e-05,22929.89434210594,RANGE_BOUND,-0.0016385383409552327,22891.67954474565,RANGE_BOUND,0.006228187300313954,23072.057663655727,BULLISH,0.0027802323,22992.997879087925,BULLISH,-0.0110881915,22675.006062969565,BEARISH,-0.0005324155534217407,22917.042110671704,RANGE_BOUND
2025-02-21,2025-02-27,2025-02-27,22795.900390625,22545.05078125,-0.011004154478502781,5,0.025016282420468584,23366.16907282574,BULLISH,-0.0017565596258359768,22755.85803236425,RANGE_BOUND,-0.0017560683657582969,22755.869231080047,RANGE_BOUND,0.003472428905717829,22875.05753407327,BULLISH,0.0021727206,22845.429237427656,RANGE_BOUND,0.016506284,23172.176686714636,BULLISH,0.0072758480714107815,22961.7598985182,BULLISH
2025-02-28,2025-03-06,2025-03-06,22124.69921875,22544.69921875,0.01898330891857114,5,0.00124635926826858,22152.274542678944,RANGE_BOUND,-0.007671938668558412,21954.95988328345,BEARISH,-0.0023397621441144435,22072.932685068048,RANGE_BOUND,-0.0027071136963881717,22064.80514246645,BEARISH,-0.0067976927,21974.302785450127,BEARISH,0.0013570085,22154.721536064986,RANGE_BOUND,-0.002818856584840585,22062.33286466961,BEARISH
2025-03-07,2025-03-13,2025-03-13,22552.5,22397.19921875,-0.006886189169715062,5,-0.0037967448185930045,22466.87391247868,BEARISH,0.004270390904618358,22648.80799087641,BULLISH,0.0023594271405719077,22605.710980587744,RANGE_BOUND,0.01374747940112107,22862.54002919378,BULLISH,0.014312857,22875.290850698948,BULLISH,-0.00096145057,22530.81750959158,RANGE_BOUND,0.0049886598149181454,22665.006750475943,BULLISH
2025-03-17,2025-03-20,2025-03-20,22508.75,23190.650390625,0.030294902676736735,5,-0.0014732470786795477,22475.589049817772,RANGE_BOUND,-0.0025700171978418856,22450.902125398075,BEARISH,-0.00047838944061125664,22497.982051678642,RANGE_BOUND,-0.006644940356127887,22359.180698759006,BEARISH,-0.00959839,22292.702590972185,BEARISH,0.004173622,22602.693339139223,BULLISH,-0.002765227045257017,22446.50819574507,BEARISH
2025-03-21,2025-03-27,2025-03-27,23350.400390625,23591.94921875,0.01034452617874515,5,0.012115429406554428,23633.300518172397,BULLISH,0.0018743375295219593,23394.166922406515,RANGE_BOUND,0.0031200833587904054,23423.25558630488,BULLISH,0.004760658825570472,23461.56368032523,BULLISH,0.0005103928,23362.316916474374,RANGE_BOUND,-0.005149584,23230.15510129044,BEARISH,0.0028718863582528737,23417.460086966577,BULLISH
2025-03-28,2025-04-03,2025-04-03,23519.349609375,23250.099609375,-0.011448020649885482,5,-0.005474606441289937,23390.590426508566,BEARISH,-5.9355891279599675e-06,23519.21000817916,RANGE_BOUND,-0.0003304174745286717,23511.578405274515,RANGE_BOUND,-0.003125479461958466,23445.840365212276,BEARISH,-0.0012361126,23490.276383426855,RANGE_BOUND,-0.009856186,23287.539031740627,BEARISH,-0.003338122899704502,23440.839129857788,BEARISH
2025-04-04,2025-04-09,2025-04-09,22904.44921875,22399.150390625,-0.022061164767557595,5,0.0065575138837539165,23054.64546250169,BULLISH,-0.005568910167822734,22776.896398607325,BEARISH,-0.0018536198643998622,22861.993076694987,RANGE_BOUND,-0.005741454597721908,22772.94436347472,BEARISH,-0.0012132197,22876.66170266876,RANGE_BOUND,0.0044246465,23005.79433365492,BULLISH,-0.0005658406607833571,22891.488950069182,RANGE_BOUND
2025-04-11,2025-04-17,2025-04-17,22828.55078125,23851.650390625,0.04481666923050209,5,0.014558620338542496,23160.902984953358,BULLISH,-0.0035941545935043308,22746.501440596523,BEARISH,-0.006026495644273652,22690.974619401717,BEARISH,0.002194909623069519,22878.657387040497,RANGE_BOUND,-0.011096934,22575.223395451903,BEARISH,0.0028707727,22894.08694170881,BULLISH,-0.00018221356672511613,22824.39110958898,RANGE_BOUND
2025-04-21,2025-04-24,2025-04-24,24125.55078125,24246.69921875,0.005021582246907963,5,-0.002409636217975703,24067.416980308888,RANGE_BOUND,0.006804322820029895,24289.708816976647,BULLISH,0.011940774567976993,24413.628544457188,BULLISH,0.0006691464149556545,24141.694307064106,RANGE_BOUND,0.0054233624,24256.39105978515,BULLISH,0.0054137753,24256.160980603658,BULLISH,0.004640290880685673,24237.500354531756,BULLISH
2025-04-25,2025-04-30,2025-04-30,24039.349609375,24334.19921875,0.01226529062416959,5,-0.006321213698407047,23887.391743323424,BEARISH,-0.0036401053999509376,23951.843843050607,BEARISH,-0.0030555557471831276,23965.89603651753,BEARISH,-0.003035452651603558,23966.379301860397,BEARISH,-0.008018339,23846.594535696437,BEARISH,-0.0028887468,23969.90620000253,BEARISH,-0.004493235557065264,23931.335148941434,BEARISH
2025-05-02,2025-05-08,2025-05-08,24346.69921875,24273.80078125,-0.002994181545720953,5,-0.013773545736587978,24011.358843525595,BEARISH,0.0010558618985285143,24372.405970810014,RANGE_BOUND,-0.0027385091911489826,24280.025559165315,BEARISH,-0.010508657426158682,24090.84809720243,BEARISH,-0.0023301153,24289.968381371582,RANGE_BOUND,-0.00076031504,24328.188013122417,RANGE_BOUND,-0.004842546799582295,24228.799188367848,BEARISH
2025-05-09,2025-05-15,2025-05-15,24008.0,25062.099609375,0.043906181663403876,5,0.001122808918644914,24034.956396518828,RANGE_BOUND,-0.002368151952510015,23951.145407924138,RANGE_BOUND,-0.0024591995836813455,23948.959536394977,RANGE_BOUND,-0.011812695778194859,23724.4007997571,BEARISH,-0.00742897,23829.645909786224,BEARISH,0.004985978,24127.702172279358,BULLISH,-0.0029933717813476458,23936.135130273407,BEARISH
2025-05-16,2025-05-22,2025-05-22,25019.80078125,24609.69921875,-0.016391080252219026,5,-0.010035816912993382,24768.706641409808,BEARISH,-0.0002418991989127127,25013.74851148406,RANGE_BOUND,0.0007897755370591971,25039.560807849124,RANGE_BOUND,-0.011735078997353229,24726.19144258399,BEARISH,-0.0057721017,24875.383643886074,BEARISH,-0.0071204817,24841.647538129706,BEARISH,-0.005685933826218338,24877.539849662648,BEARISH
2025-05-23,2025-05-29,2025-05-29,24853.150390625,24833.599609375,-0.0007866520317429959,5,-0.000840429680010924,24832.26306539494,RANGE_BOUND,0.0018642727912783156,24899.48344267579,RANGE_BOUND,5.869773124863642e-05,24854.60921416731,RANGE_BOUND,0.0004398870833887796,24864.082970463354,RANGE_BOUND,-0.0029176772,24780.637661956483,BEARISH,-0.00433517,24745.40788232023,BEARISH,-0.0009550698973751371,24829.413894831978,RANGE_BOUND
2025-05-30,2025-06-05,2025-06-05,24750.69921875,24750.900390625,8.127926941492447e-06,5,-0.005120971554093079,24623.951592106867,BEARISH,-0.0008034524093709105,24730.81320982908,RANGE_BOUND,-0.0027543131331791426,24682.52804283643,BEARISH,-0.01019282966530908,24498.419557515983,BEARISH,-0.0045136767,24638.982459560735,BEARISH,-0.011948681,24454.96042218292,BEARISH,-0.00588898749039762,24604.94266067219,BEARISH
2025-06-06,2025-06-12,2025-06-12,25003.05078125,24888.19921875,-0.004593501949215262,5,0.0014034522120529782,25038.141368177017,RANGE_BOUND,0.00315649667092538,25081.972827803995,BULLISH,0.0023090221553143087,25060.783379454355,RANGE_BOUND,0.00754923059574196,25191.8045771947,BULLISH,0.002474576,25064.921991362236,RANGE_BOUND,-0.0024213262,24942.51040721615,RANGE_BOUND,0.0024119085665370217,25063.355853618858,RANGE_BOUND
2025-06-13,2025-06-19,2025-06-19,24718.599609375,24793.25,0.003020008892279158,5,-0.011814534095096226,24426.560871507005,BEARISH,-0.0028715957628447225,24647.617783473266,BEARISH,-0.0040802974589776815,24617.740370199383,BEARISH,-0.0035286202569000625,24631.377058071157,BEARISH,-0.0068776165,24548.594940356794,BEARISH,-0.007942066,24522.282501485897,BEARISH,-0.0061857882806532795,24565.69558559717,BEARISH
2025-06-20,2025-06-26,2025-06-26,25112.400390625,25549.0,0.01738581746801038,5,0.0020242825473839126,25163.23498445866,RANGE_BOUND,0.005729472786115062,25256.28120525711,BULLISH,0.004884047702433612,25235.050552055425,BULLISH,-0.0008907347507471076,25090.031902922397,RANGE_BOUND,0.0058137057,25258.396800833987,BULLISH,0.00344317,25198.865446625045,BULLISH,0.0035006573543554186,25200.31029973796,BULLISH
2025-06-27,2025-07-03,2025-07-03,25637.80078125,25405.30078125,-0.00906864055867218,5,0.0005862451147295345,25652.83081671042,RANGE_BOUND,0.00403133563239373,25741.155361075667,BULLISH,0.005854162765132733,25787.888639963483,BULLISH,0.011947778183204832,25944.115538089573,BULLISH,0.006864215,25813.783519600052,BULLISH,0.0035793812,25729.568164617755,BULLISH,0.005477186271997119,25778.22379173326,BULLISH
2025-07-04,2025-07-10,2025-07-10,25461.0,25355.25,-0.00415341109932843,5,-0.0059683828417597725,25309.039004465954,BEARISH,-0.0019441849032817988,25411.49910817754,RANGE_BOUND,-0.0011460594065343687,25431.820181450228,RANGE_BOUND,-0.0031138289071245802,25381.7188021957,BEARISH,-0.007510018,25269.787726342678,BEARISH,-0.0006622924,25444.138014614582,RANGE_BOUND,-0.003390794423335689,25374.66698318745,BEARISH
2025-07-11,2025-07-17,2025-07-17,25149.849609375,25111.44921875,-0.0015268636282693704,5,-0.009272167917321193,24916.6559807015,BEARISH,-0.0017564084770795012,25105.67620032382,RANGE_BOUND,-0.0018834783050215276,25102.480413261186,RANGE_BOUND,-0.0010081852871886086,25124.493901023823,RANGE_BOUND,-0.00011073474,25147.06437846576,RANGE_BOUND,-0.008909956,24925.7659402485,BEARISH,-0.003823488391497909,25053.689451345635,BEARISH
2025-07-18,2025-07-24,2025-07-24,24968.400390625,25062.099609375,0.003752712119482915,5,0.001163624427920195,24997.454231245625,RANGE_BOUND,-0.0012126008723413238,24938.12368653036,RANGE_BOUND,-0.0015298414428630914,24930.202696945424,RANGE_BOUND,-0.0004951468416371175,24956.03736603085,RANGE_BOUND,-0.0034061023,24883.3553366469,BEARISH,-0.010988781,24694.028333639144,BEARISH,-0.002744808043499735,24899.866924399492,BEARISH
2025-07-25,2025-07-31,2025-07-31,24837.0,24768.349609375,-0.0027640371471997494,5,0.007129591976258376,25014.07767591433,BULLISH,0.0001369732382552744,24840.402004318545,RANGE_BOUND,-0.0011555256499085332,24808.300209433222,RANGE_BOUND,0.005845999091487255,24982.197079435267,BULLISH,-0.0013618475,24803.17580795288,RANGE_BOUND,0.009386395,25070.130519747734,BULLISH,0.003330264375736181,24919.713776300163,BULLISH
2025-08-01,2025-08-07,2025-08-07,24565.349609375,24596.150390625,0.0012538303643048199,5,-0.006695620713533369,24400.86934569528,BEARISH,-0.0027031463174624886,24498.945875041238,BEARISH,-0.0014829102273528365,24528.92140120076,RANGE_BOUND,-0.006682743699413083,24401.18567404907,BEARISH,-0.004600784,24452.33024992654,BEARISH,0.0012747308,24596.66318170703,RANGE_BOUND,-0.0034817456650688867,24479.819309861658,BEARISH
2025-08-08,2025-08-14,2025-08-14,24363.30078125,24631.30078125,0.011000151515029977,5,-0.007625591240645838,24177.51620821928,BEARISH,-0.0004455475633668622,24352.445771951338,RANGE_BOUND,-0.003047508138350955,24289.053423842048,BEARISH,-0.0007641433044855089,24344.68372808284,RANGE_BOUND,-0.0063818023,24207.818831721088,BEARISH,0.0016641959,24403.845252860337,RANGE_BOUND,-0.0027667327665818905,24295.894038676426,BEARISH
2025-08-18,2025-08-21,2025-08-21,24876.94921875,25083.75,0.00831294783904335,5,-0.0016299899437575253,24836.40004169207,RANGE_BOUND,0.0024695286805267985,24938.38355832971,RANGE_BOUND,0.0019301600554829305,24924.965712434307,RANGE_BOUND,0.012234657939942207,25181.310183030717,BULLISH,0.0053296764,25009.536594703328,BULLISH,0.008063336,25077.539930004627,BULLISH,0.0047328948455510516,24994.689203480455,BULLISH
2025-08-22,2025-08-28,2025-08-28,24870.099609375,24500.900390625,-0.014845104143082155,5,0.0020760744857697654,24921.731788632576,RANGE_BOUND,-0.0015882761611504099,24830.599023039995,RANGE_BOUND,-0.001273579927306795,24838.42554972238,RANGE_BOUND,0.007923626372690219,25067.16098653128,BULLISH,-0.0010604891,24843.725220903754,RANGE_BOUND,0.0019354443,24918.235240132548,RANGE_BOUND,0.0013354666628520384,24903.312798305127,RANGE_BOUND
2025-08-29,2025-09-02,2025-09-02,24426.849609375,24579.599609375,0.006253364737685008,5,-0.010157475241828189,24178.734489231912,BEARISH,0.0004160805657827829,24437.01314678076,RANGE_BOUND,-0.0008830554882386824,24405.279345767063,RANGE_BOUND,-0.005108087752660547,24302.07511804927,BEARISH,-0.0016469755,24386.61869690381,RANGE_BOUND,-0.0005293658,24413.91928461904,RANGE_BOUND,-0.0029848132044370743,24353.940026118136,BEARISH
2025-09-03,2025-09-09,2025-09-09,24715.05078125,24868.599609375,0.006212766038153905,5,0.0019588086425852058,24763.462836322247,RANGE_BOUND,0.003982453386965927,24813.477318942823,BULLISH,0.004930112260478063,24836.89875612498,BULLISH,0.00481908097566212,24834.154612282444,BULLISH,0.0052390667,24844.533175913617,BULLISH,-0.0014288761,24679.735392071074,RANGE_BOUND,0.0032501076435629585,24795.377356705187,BULLISH
2025-09-10,2025-09-16,2025-09-16,24973.099609375,25239.099609375,0.010651461138614149,5,0.0009442185338485796,24996.67967287382,RANGE_BOUND,2.5664248458567844e-05,24973.740525208155,RANGE_BOUND,0.0019223577873024149,25021.10684188216,RANGE_BOUND,0.004624967528948943,25088.599384165565,BULLISH,0.0017622816,25017.108976784395,RANGE_BOUND,0.0029308356,25046.292757391464,BULLISH,0.0020350542206835284,25023.921221138608,RANGE_BOUND
2025-09-17,2025-09-23,2025-09-23,25330.25,25169.5,-0.006346167132183833,5,0.003910378301059177,25429.300859960407,BULLISH,0.0034311526649788205,25417.16195479208,BULLISH,0.0031185477690142903,25409.243594626074,BULLISH,0.004792177545125493,25451.637055262414,BULLISH,0.006315582,25490.225447028875,BULLISH,0.0020229013,25381.489611178637,RANGE_BOUND,0.003931789927245668,25429.84322180462,BULLISH
2025-09-24,2025-09-25,2025-09-25,25056.900390625,24890.849609375,-0.006626948212322681,5,0.007870474251829442,25254.11007998007,BULLISH,0.001312675950820119,25089.79198116987,RANGE_BOUND,0.00018637374946544398,25061.57033910078,RANGE_BOUND,0.010619181610389184,25322.98416646648,BULLISH,0.0104017565,25317.535397110507,BULLISH,-0.00024340145,25050.800905394834,RANGE_BOUND,0.0050245101032130104,25182.799039792895,BULLISH
2025-09-26,2025-09-30,2025-09-30,24654.69921875,24611.099609375,-0.0017684097051098302,5,-0.00012729237409191433,24651.560863553925,RANGE_BOUND,-0.0003514514915597533,24646.034287935614,RANGE_BOUND,-0.0003023860124465733,24647.24398256517,RANGE_BOUND,-0.0016380312983707804,24614.314049777768,RANGE_BOUND,0.0026539967,24720.13171585882,BULLISH,-0.0035596716,24566.937143561663,BEARISH,-0.0005541393431170273,24641.037079920174,RANGE_BOUND
2025-10-01,2025-10-07,2025-10-07,24836.30078125,25108.30078125,0.010951711464428193,5,0.004073792906400932,24937.4787271939,BULLISH,0.0027467390994968715,24904.519619692725,BULLISH,0.004102536318033788,24938.19260721069,BULLISH,-0.004003464088930147,24736.8695429704,BEARISH,0.0054388237,24971.380568843335,BULLISH,0.004029771,24936.384884787723,BULLISH,0.002731366466831505,24904.13782036405,BULLISH
2025-10-08,2025-10-14,2025-10-14,25046.150390625,25145.5,0.003966661855236087,5,0.0003672782020483589,25055.3492957087,RANGE_BOUND,-0.0010305996978347725,25020.337835600498,RANGE_BOUND,-0.0001883089704399757,25041.433975831456,RANGE_BOUND,-0.004768039620333709,24926.729353225663,BEARISH,-0.0037717528,24951.681773381308,BEARISH,0.002183224,25100.831119329203,RANGE_BOUND,-0.0012013664715956396,25016.06078530316,RANGE_BOUND
2025-10-15,2025-10-20,2025-10-20,25323.55078125,25843.150390625,0.02051843415891419,5,0.006834616676110952,25496.62754371787,BULLISH,0.007208829453186808,25506.10393998115,BULLISH,0.007970931042310418,25525.40305827379,BULLISH,0.011345339599806017,25610.855064736214,BULLISH,0.016738871,25747.438952744007,BULLISH,0.00907072,25553.254482090008,BULLISH,0.009861551246025549,25573.280275010628,BULLISH
2025-10-21,2025-10-28,2025-10-28,25868.599609375,25936.19921875,0.002613191683963567,5,0.016618154497883716,26298.487994327486,BULLISH,0.0034475212240370474,25957.782155564437,BULLISH,0.0016609768969853885,25911.566755683536,RANGE_BOUND,0.0030151711983462766,25946.59786585874,BULLISH,0.0070428425,26050.789177050814,BULLISH,0.0025667984,25934.999503945,BULLISH,0.005725244104338075,26016.703656776055,BULLISH
2025-10-29,2025-11-04,2025-11-04,26053.900390625,25597.650390625,-0.01751177340664789,5,0.004996427888656637,26184.076825145003,BULLISH,0.007771075759015639,26256.367224378395,BULLISH,0.003361895558169358,26141.49088262123,BULLISH,0.015285443639368065,26452.145816631608,BULLISH,0.014235641,26424.793704861077,BULLISH,0.0029321262,26130.29229426477,BULLISH,0.008097101648227748,26264.861470420696,BULLISH
2025-11-06,2025-11-11,2025-11-11,25509.69921875,25694.94921875,0.00726194371840494,5,-0.003898782653031333,25410.24244595189,BEARISH,0.002499253556389696,25573.454425244894,RANGE_BOUND,0.00045230732887461313,25521.23744266403,RANGE_BOUND,0.012307388986315738,25823.657009959068,BULLISH,0.008250037,25720.154188648798,BULLISH,0.0017311554,25553.86052084621,RANGE_BOUND,0.003556893311159919,25600.43449727087,BULLISH
2025-11-12,2025-11-18,2025-11-18,25875.80078125,25910.05078125,0.0013236305337771537,5,0.0035384377752187644,25967.36069219841,BULLISH,0.0005569846630382876,25890.213205428987,RANGE_BOUND,0.0031783234515846176,25958.042445701576,BULLISH,0.0018904725590860624,25924.71827257133,RANGE_BOUND,0.0015366942,25915.564821704756,RANGE_BOUND,0.0054352703,26016.441667177714,BULLISH,0.0026893638241859328,25945.390223792932,BULLISH
2025-11-19,2025-11-25,2025-11-25,26052.650390625,25884.80078125,-0.006442707626990618,5,0.022805532752877625,26646.79496240767,BULLISH,0.0018927100260436932,26101.96050322435,RANGE_BOUND,0.002759085195436542,26124.531872619656,BULLISH,0.007295025104938293,26242.705129274793,BULLISH,0.0039915186,26156.639144543326,BULLISH,0.014805896,26438.38366498542,BULLISH,0.008924961320381529,26285.16928765475,BULLISH
2025-11-26,2025-12-02,2025-12-02,26205.30078125,26032.19921875,-0.006605593423444134,5,0.004960414799896406,26335.28994308105,BULLISH,0.003666928056994752,26301.39373392675,BULLISH,0.003375155851445526,26293.747755520722,BULLISH,0.0025509512446338675,26272.149225893932,BULLISH,0.0068915575,26385.8974479991,BULLISH,0.014228915,26578.174434012268,BULLISH,0.005945653716411956,26361.108425229733,BULLISH
2025-12-03,2025-12-09,2025-12-09,25986.0,25839.650390625,-0.005631863671784809,5,-0.002889449924808483,25910.91475425393,BEARISH,-0.00060975436126003,25970.1549231683,RANGE_BOUND,-0.0007770069398878502,25965.808697660075,RANGE_BOUND,-0.004996017323342006,25856.173493835635,BEARISH,-0.001965865,25934.914632081985,RANGE_BOUND,0.002791711,26058.546736478806,BULLISH,-0.0014077304466733871,25949.418716612745,RANGE_BOUND
2025-12-10,2025-12-16,2025-12-16,25758.0,25860.099609375,0.003963801901351038,5,-0.0024732525630481034,25694.29396048101,RANGE_BOUND,0.00015715423934235624,25762.047978896982,RANGE_BOUND,-0.00040424342722666527,25747.587497801494,RANGE_BOUND,-0.0037700777658213835,25660.890336907974,BEARISH,-0.00053013465,25744.345073461533,RANGE_BOUND,-0.0008246556,25736.759173750877,RANGE_BOUND,-0.0013075349585377333,25724.320514537983,RANGE_BOUND
2025-12-17,2025-12-23,2025-12-23,25818.55078125,26177.150390625,0.013889223001448459,5,-0.0040445369496611054,25714.126698628534,BEARISH,0.002419263835778934,25881.0126674473,RANGE_BOUND,0.0005160323232669245,25831.873987993033,RANGE_BOUND,0.005133102053452971,25951.080037282416,BULLISH,0.00439192,25931.943497643806,BULLISH,-0.0019673854,25767.756125829415,RANGE_BOUND,0.0010747326121793317,25846.29881977382,RANGE_BOUND
2025-12-26,2025-12-30,2025-12-30,26042.30078125,25938.849609375,-0.003972428271371564,5,-0.009834476932719067,25786.188374941863,BEARISH,0.0010080813356087653,26068.55353860389,RANGE_BOUND,-0.0009660453851470799,26017.14273676166,RANGE_BOUND,0.0038045922402866763,26141.381116721557,BULLISH,0.0013893491,26078.48354430264,RANGE_BOUND,-0.0008556195,26020.01834608824,RANGE_BOUND,-0.000909019854158742,26018.62781279187,RANGE_BOUND
2025-12-31,2026-01-06,2026-01-06,26129.599609375,26178.69921875,0.0018790800513217576,5,0.005779773670468346,26280.622781217146,BULLISH,0.005227905669278433,26266.202691308823,BULLISH,0.003983490267625815,26233.68661511591,BULLISH,0.013482089448647035,26481.881208565923,BULLISH,0.014901765,26518.976559540024,BULLISH,0.0070797885,26314.592986202333,BULLISH,0.008409135371762489,26349.32694970019,BULLISH
2026-01-07,2026-01-13,2026-01-13,26140.75,25732.30078125,-0.015625,6,-0.0010325808204785887,26113.75756291707,RANGE_BOUND,-0.0024302358659734984,26077.221811786556,RANGE_BOUND,-0.0012233671138497373,26108.770266118634,RANGE_BOUND,0.0009724018577570567,26166.169313863164,RANGE_BOUND,0.0010291208,26167.652329295874,RANGE_BOUND,0.00035465788,26150.020755201578,RANGE_BOUND,-0.00038833388390117056,26130.59866102441,RANGE_BOUND
2026-01-14,2026-01-20,2026-01-20,25665.599609375,25232.5,-0.016874712298433847,6,0.0026917759397789777,25734.685652883512,BULLISH,-0.0018288186110273401,25618.6618831462,RANGE_BOUND,-0.00126181040815915,25633.214488656246,RANGE_BOUND,0.0023596484309041698,25726.161401221474,RANGE_BOUND,0.0028068519,25737.640430498403,BULLISH,0.0015149917,25704.48378484673,RANGE_BOUND,0.001047106495003952,25692.474225424146,RANGE_BOUND
2026-01-21,2026-01-27,2026-01-27,25157.5,25175.400390625,0.0007115329673059723,6,0.008596614289433108,25373.769323986413,BULLISH,0.0004470423516341788,25168.74646796124,RANGE_BOUND,0.0005544854360840868,25171.44946735829,RANGE_BOUND,0.011264953885323076,25440.898077370017,BULLISH,0.0031219125,25236.03801369667,BULLISH,0.006740664,25327.078890502453,BULLISH,0.0051209454289690825,25286.330184629292,BULLISH
2026-01-28,2026-02-03,2026-02-03,25342.75,25727.55078125,0.015183860522240078,6,0.008591981356886602,25560.49443553224,BULLISH,0.002322491391061397,25401.60831870082,RANGE_BOUND,0.0016405020376093356,25384.324833013623,RANGE_BOUND,0.005351165680034538,25478.363254037693,BULLISH,0.0023385303,25402.014746516943,RANGE_BOUND,0.0028118063,25414.008478671312,BULLISH,0.003842746167494113,25440.135755436262,BULLISH
2026-02-04,2026-02-10,2026-02-10,25776.0,25935.150390625,0.0061743633855135815,6,-0.008823403681902306,25548.567946695286,BEARISH,0.006082319360230071,25932.777863829288,BULLISH,0.004646933158283077,25895.779349087905,BULLISH,0.008477762108946107,25994.522796120193,BULLISH,0.0057118675,25923.23027229309,BULLISH,-0.0041016527,25670.27628135681,BEARISH,0.0019989709612585425,25827.525475497398,RANGE_BOUND
2026-02-11,2026-02-17,2026-02-17,25953.849609375,25725.400390625,-0.008802132330591905,6,0.000596056009668367,25969.319557408693,RANGE_BOUND,0.002673304270647067,26023.232146375474,BULLISH,0.0009716033557067383,25979.066456748977,RANGE_BOUND,0.0007948025388808986,25974.477794938262,RANGE_BOUND,0.0028143895,26026.894438198535,BULLISH,-0.0025339527,25888.083274338045,BEARISH,0.0008860338336288196,25976.845598241816,RANGE_BOUND
2026-02-18,2026-02-24,2026-02-24,25819.349609375,25424.650390625,-0.015286954347087267,6,0.004780501208515473,25942.779041385696,BULLISH,0.0052051924661395505,25953.74429344234,BULLISH,0.004942353293597911,25946.95795695545,BULLISH,0.01172714128551032,26122.136770144123,BULLISH,0.0063316277,25982.829525846522,BULLISH,0.0025834795,25886.05399521999,BULLISH,0.005928382580891738,25972.416591849174,BULLISH
2026-02-25,2026-03-02,2026-03-02,25482.5,24865.69921875,-0.024204877121554058,6,0.00597431215838967,25634.740409576167,BULLISH,0.004511991456306966,25597.47682228534,BULLISH,0.0010272700577823252,25508.677409247437,RANGE_BOUND,-0.0017777724471844715,25437.197913614622,RANGE_BOUND,-0.003021113,25405.51428347826,BEARISH,0.0069166822,25658.753334581852,BULLISH,0.002271895058724585,25540.39356583395,RANGE_BOUND
2026-03-04,2026-03-10,2026-03-10,24480.5,24261.599609375,-0.008941826785604845,6,-0.02014249777879993,23987.401583126088,BEARISH,0.004865357236176186,24599.606377820208,BULLISH,0.0028709393566673205,24550.782030920895,BULLISH,0.014878150688521106,24844.72456793034,BULLISH,0.00855565,24689.946607232094,BULLISH,-0.0034263013,24396.622134804726,BEARISH,0.0012668829982044325,24511.513929237542,RANGE_BOUND
2026-03-11,2026-03-17,2026-03-17,23866.849609375,23581.150390625,-0.011970545900527041,6,-0.024431451361688093,23283.74783398683,BEARISH,0.0036722596385680368,23954.494877895282,BULLISH,0.0003814868795028489,23875.954499356045,RANGE_BOUND,0.008885727783949231,24078.92393806436,BULLISH,0.0052026436,23991.02049893164,BULLISH,-0.0019810032,23819.568903588224,RANGE_BOUND,-0.0013783894493887277,23833.95179568329,RANGE_BOUND
2026-03-18,2026-03-24,2026-03-24,23777.80078125,22912.400390625,-0.036395308320835595,6,-0.02405059035509658,23205.93063511506,BEARISH,0.007919463892787817,23966.10821598701,BULLISH,0.010804392153510605,24034.705465438674,BULLISH,0.006510988394996187,23932.617766195246,BULLISH,0.011580409,24053.158823858947,BULLISH,-0.0020399652,23729.294805542333,RANGE_BOUND,0.001787449565808246,23820.302400932324,RANGE_BOUND
2026-03-27,2026-03-30,2026-03-30,22819.599609375,22331.400390625,-0.02139385559374285,6,-0.033818722759754324,22047.86989669695,BEARISH,0.002487649517149135,22876.366775324797,RANGE_BOUND,0.008325976792800739,23009.595066143662,BULLISH,0.012647801972122856,23108.217386317505,BULLISH,0.011845966,23089.919361207867,BULLISH,-0.0014970154,22785.437978280243,RANGE_BOUND,-1.3906608290594272e-06,22819.56787505169,RANGE_BOUND
