signal_date,expiry,target_date,spot,target_close,target_return,pred_return_ridge,pred_close_ridge,pred_regime_ridge,pred_return_hgbr,pred_close_hgbr,pred_regime_hgbr,pred_return_rf,pred_close_rf,pred_regime_rf,pred_return_et,pred_close_et,pred_regime_et,pred_return_ensemble,pred_close_ensemble,pred_regime_ensemble,pred_low,pred_high,residual_q_low,residual_q_high
2026-04-01,2026-04-07,2026-04-07,22800.1,23151.1,0.015394669321625809,-0.008820700562586142,22598.98714510298,BEARISH,0.0334537609261084,23562.84909449136,BULLISH,0.013192071122634869,23100.880540803184,BULLISH,0.0019614958424687533,22844.82230135787,RANGE_BOUND,0.00994665683215647,23026.88477043885,BULLISH,22428.9772195819,23493.774263310446,-0.026223900371355958,0.020477519522791598
2026-04-08,2026-04-13,2026-04-13,24057.8,23858.7,-0.008275902202196317,0.00902379215398371,24274.89258688211,BULLISH,0.018966869171179405,24514.1011451464,BULLISH,0.02317694210122141,24615.386237682764,BULLISH,0.012664144706145497,24362.471460511508,BULLISH,0.015957937033132506,24441.712857555693,BULLISH,23810.823507201687,24934.356926731107,-0.026223900371355958,0.020477519522791598
2026-04-15,2026-04-21,2026-04-21,24237.7,24584.5,0.014308288327687935,0.0016303411811182998,24277.21572044559,RANGE_BOUND,0.01330850382753056,24560.267523220537,BULLISH,0.00669561793980793,24399.986378939684,BULLISH,0.006232268678029424,24388.755858537475,BULLISH,0.006966682906621554,24406.55637028582,BULLISH,23770.949340255007,24902.884345223385,-0.026223900371355958,0.020477519522791598
2026-04-22,2026-04-28,2026-04-28,24381.2,23993.8,-0.015889291749380696,0.01271189268421032,24691.13119791227,BULLISH,-0.007857918279197058,24189.614522851243,BEARISH,-0.0012762661832068285,24350.083098934,RANGE_BOUND,0.001508206606855078,24417.971886923053,RANGE_BOUND,0.0012714787071653776,24412.200176655144,RANGE_BOUND,23772.83001692104,24911.466675644228,-0.026223900371355958,0.020477519522791598
2026-04-29,2026-05-05,2026-05-05,24252.0,24106.3,-0.006007751937984529,-0.002613332184451365,24188.621467862686,RANGE_BOUND,-0.003134803571517443,24175.97474378356,RANGE_BOUND,-0.0006468686201344213,24236.3121422245,RANGE_BOUND,0.0004297657439326215,24262.422678821855,RANGE_BOUND,-0.001491309658042652,24215.83275817315,RANGE_BOUND,23579.850726367025,24712.45356163989,-0.026223900371355958,0.020477519522791598
2026-05-06,2026-05-12,2026-05-12,24447.4,23424.7,-0.04183266932270924,0.00014772156047855307,24451.011408077648,RANGE_BOUND,0.007118716699554953,24621.434114640702,BULLISH,0.0025895857577704156,24510.708638854518,RANGE_BOUND,0.0013978320855627588,24481.57336012859,RANGE_BOUND,0.00281346402584167,24516.181880425363,RANGE_BOUND,23875.07569848668,25016.803991206856,-0.026223900371355958,0.020477519522791598
2026-05-13,2026-05-19,2026-05-19,23462.4,23612.0,0.006376159301691109,0.003891590131863265,23553.70604430983,RANGE_BOUND,0.02305056629792085,24003.22160670834,BULLISH,0.002700182687119627,23525.752766278274,RANGE_BOUND,0.0016090732610079608,23500.152720479073,RANGE_BOUND,0.007812853094477925,23645.70828444388,BULLISH,23030.43264437098,24126.16003849542,-0.026223900371355958,0.020477519522791598
2026-05-20,2026-05-26,2026-05-26,23668.5,23913.0,0.01033018568984101,-0.00926044321861461,23449.31919968022,BEARISH,0.0036078111893605657,23753.891479135378,RANGE_BOUND,-0.0011691636845736254,23640.82764933167,RANGE_BOUND,0.0011153204465051707,23694.897961988107,RANGE_BOUND,-0.0014266188168306243,23634.734072533844,RANGE_BOUND,23014.05368659441,24119.406243359037,-0.026223900371355958,0.020477519522791598
2026-05-27,2026-06-02,2026-06-02,23996.7,23603.1,-0.016402255310105196,0.008954993853456203,24211.59030100323,BULLISH,0.010244584566977749,24242.536222478397,BULLISH,0.0005371873838434164,24009.590724493875,RANGE_BOUND,0.0003632836184971186,24005.41760800799,RANGE_BOUND,0.005025012355693622,24117.283713995876,BULLISH,23487.996643954557,24608.676606728444,-0.026223900371355958,0.020477519522791598
2026-06-03,2026-06-09,2026-06-09,23515.7,23331.1,-0.0078500746309913,0.007800970572380697,23699.145283688933,BULLISH,0.0026578530626143507,23578.201275264524,RANGE_BOUND,-0.0011424250224270785,23488.83507590011,RANGE_BOUND,-0.00037692924328259234,23506.83624499374,RANGE_BOUND,0.002234867342321344,23568.254469961827,RANGE_BOUND,22951.581095999132,24049.797675803937,-0.026223900371355958,0.020477519522791598
2026-06-10,2026-06-16,2026-06-16,23240.1,24001.0,0.03274082297408376,0.0044581773157029644,23343.708486634663,RANGE_BOUND,0.019914771242698838,23702.92127515744,BULLISH,0.0020221843245413966,23287.095765920774,RANGE_BOUND,0.0007069231755118484,23256.528965291214,RANGE_BOUND,0.006775514014613762,23397.563623251022,BULLISH,22788.117556230674,23873.46322471265,-0.026223900371355958,0.020477519522791598
2026-06-17,2026-06-23,2026-06-23,24094.0,23852.5,-0.010023242300987834,0.0020918575213303525,24144.401215118934,RANGE_BOUND,0.0021552588164456266,24145.928805923442,RANGE_BOUND,-0.0013004384722952217,24062.66723544852,RANGE_BOUND,0.00019534329452038316,24098.706601338174,RANGE_BOUND,0.0007855052900002852,24112.925964457267,RANGE_BOUND,23481.087308909817,24606.311319839406,-0.026223900371355958,0.020477519522791598
2026-06-24,2026-06-25,2026-06-25,24051.8,24102.3,0.0020996349545563397,0.0027862210356649044,24118.813631105604,RANGE_BOUND,-0.011486033763589074,23775.54021312491,BEARISH,-0.004136510135819978,23952.309485515285,RANGE_BOUND,-0.0011453745550774328,24024.251680276186,RANGE_BOUND,-0.0034954243547053953,23967.728752505496,RANGE_BOUND,23336.99674555372,24460.249956563774,-0.026223900371355958,0.020477519522791598
2026-06-29,2026-06-30,2026-06-30,23972.9,23861.8,-0.004634399676301193,-0.001865219581171956,23928.185277502525,RANGE_BOUND,-0.01019022912223619,23728.610656275545,BEARISH,-0.0029989666464525157,23901.00607248126,RANGE_BOUND,-0.0008821403454777357,23951.7525377119,RANGE_BOUND,-0.003984138923834599,23877.388635992807,RANGE_BOUND,23248.72569478033,24368.294163760736,-0.026223900371355958,0.020477519522791598
2026-07-01,2026-07-07,2026-07-07,24092.6,24440.3,0.014431817238488298,-0.003477693685683579,24008.813317108295,RANGE_BOUND,-0.015999054301899157,23707.14118432606,BEARISH,-0.0003857032959073595,24083.307404773022,RANGE_BOUND,0.0004981017070374085,24104.600565186967,RANGE_BOUND,-0.004841087394113172,23975.96561784859,RANGE_BOUND,23344.163675761658,24469.322304703393,-0.026223900371355958,0.020477519522791598
2026-07-08,2026-07-14,2026-07-14,23912.2,24024.2,0.004683801574091984,-0.0022625860749280846,23858.096589259105,RANGE_BOUND,-0.01146002245194497,23638.1656511246,BEARISH,-0.004844271531274027,23796.362810289873,RANGE_BOUND,-0.0030813274137695317,23838.51868261646,RANGE_BOUND,-0.005412051867979153,23782.78593332251,BEARISH,23155.714782862575,24272.44847565541,-0.026223900371355958,0.020477519522791598
2026-07-15,2026-07-21,2026-07-21,24067.8,24180.6,0.004686759903273163,-0.002896346498366711,23998.09131174661,RANGE_BOUND,-0.015975185738970325,23683.31242467161,BEARISH,-0.003965475032828178,23972.359740004897,RANGE_BOUND,-0.0011567394509936874,24039.959826241375,RANGE_BOUND,-0.005998436680289725,23923.43082566612,BEARISH,23292.2792363084,24416.279670036765,-0.026223900371355958,0.020477519522791598
2026-07-22,2026-07-28,2026-07-28,23988.4,23973.4,-0.0006253022294109289,0.0022348374283558767,24042.01017416637,RANGE_BOUND,-0.02121364245407831,23479.518659354588,BEARISH,-0.005061519346739323,23866.98224930268,BEARISH,-0.0015260441431979134,23951.792642675315,RANGE_BOUND,-0.006391592128914917,23835.075931374737,BEARISH,23206.006519706505,24326.298860695275,-0.026223900371355958,0.020477519522791598
2026-07-29,2026-08-04,2026-08-04,24311.5,24555.6,0.010040515805277206,0.0028287676240930665,24380.271584093138,RANGE_BOUND,-0.012327941860979262,24011.7892414468,BEARISH,-0.0006155195248354055,24296.535797071963,RANGE_BOUND,-8.430316948418313e-05,24309.450463495086,RANGE_BOUND,-0.002549749232801446,24249.511771526748,RANGE_BOUND,23611.969417648528,24747.350987405094,-0.026223900371355958,0.020477519522791598
2026-08-05,2026-08-11,2026-08-11,24647.7,24540.5,-0.004349290197462663,0.007101846747202327,24822.74418807102,BULLISH,-0.0008204394535281097,24627.47805448128,RANGE_BOUND,-0.0008873075805720839,24625.829908946333,RANGE_BOUND,0.00029789527459785146,24655.042433359704,RANGE_BOUND,0.0014229987469249964,24682.773646214584,RANGE_BOUND,24036.414817031513,25187.497404156493,-0.026223900371355958,0.020477519522791598
2026-08-12,2026-08-18,2026-08-18,24470.5,24230.1,-0.009824073884881823,-4.967631118308474e-05,24469.28439582719,RANGE_BOUND,0.010319956475830006,24723.0344949418,BULLISH,0.0009157284201418829,24492.908332305084,RANGE_BOUND,1.3542218029298622e-05,24470.83138484629,RANGE_BOUND,0.0027998877007045253,24539.01465198009,RANGE_BOUND,23897.302697942825,25040.109793462558,-0.026223900371355958,0.020477519522791598
2026-08-19,2026-08-25,2026-08-25,24117.6,24288.1,0.007069525989318981,-0.0015742135611442115,24079.633747017746,RANGE_BOUND,-0.005047970325338908,23995.855070881607,BEARISH,-0.001435951548013296,24082.968294945633,RANGE_BOUND,-0.0004334559349615072,24107.146083142972,RANGE_BOUND,-0.0021228978423644806,24066.400798996987,RANGE_BOUND,23433.943259400774,24560.26942383987,-0.026223900371355958,0.020477519522791598
2026-08-26,2026-09-01,2026-09-01,24429.1,24090.3,-0.013868705764846001,-0.00017309180649638443,24424.871522949918,RANGE_BOUND,0.008432147679333812,24635.089778873215,BULLISH,0.002182226578871996,24482.40983131792,RANGE_BOUND,0.0014418614745194762,24464.323378147183,RANGE_BOUND,0.0029707859815572253,24501.67362782206,RANGE_BOUND,23861.04734326017,25001.920999996288,-0.026223900371355958,0.020477519522791598
2026-09-02,2026-09-08,2026-09-08,24000.3,23749.6,-0.010445702762048814,0.0014071085871240178,24034.071028223556,RANGE_BOUND,0.01638015708516974,24393.4286840912,BULLISH,0.003140887373419548,24075.68223922828,RANGE_BOUND,0.001003050005726743,24024.373501052443,RANGE_BOUND,0.005482800762860012,24131.88886314887,BULLISH,23502.507387066216,24623.35547495172,-0.026223900371355958,0.020477519522791598
2026-09-09,2026-09-15,2026-09-15,23552.2,23223.9,-0.013939249836533274,-0.004423714065695947,23448.011801581917,RANGE_BOUND,0.009012237285640125,23764.45801499885,BULLISH,-0.0004866018020087668,23540.73945703873,RANGE_BOUND,-0.001426876287564355,23518.59392430003,RANGE_BOUND,0.0006687612825927642,23567.950799479884,RANGE_BOUND,22950.320253153637,24050.241434784573,-0.026223900371355958,0.020477519522791598
