date,starting_equity,ending_equity,daily_pnl,daily_return_pct,n_trades,used_expected_return_layer,peak_equity,drawdown_pct
2026-04-20,100000.0,99757.11245475011,-242.88754524989054,-0.0024288754524989242,3,True,99757.11245475011,0.0
2026-04-21,99757.11245475011,99728.485625387,-28.626829363114666,-0.00028696529659577585,3,True,99757.11245475011,-0.00028696529659577585
2026-04-22,99728.485625387,99017.80374554629,-710.6818798407039,-0.007126167367167868,3,True,99757.11245475011,-0.0074110877010314935
2026-04-23,99017.80374554629,98197.13148111,-820.672264436289,-0.008288128330388278,3,True,99757.11245475011,-0.01563779198548587
2026-04-24,98197.13148111,96851.50040606654,-1345.631075043464,-0.01370336439310671,3,True,99757.11245475011,-0.029126866016711883
2026-04-27,96851.50040606654,96993.65596046844,142.15555440190656,0.0014677682204808917,3,True,99757.11245475011,-0.027701849284532676
2026-04-28,96993.65596046844,96976.35527425312,-17.300686215327005,-0.0001783692556385219,3,True,99757.11245475011,-0.027875277381934516
2026-04-29,96976.35527425312,94496.15171200683,-2480.2035622462863,-0.02557534313629517,3,True,99757.11245475011,-0.05273770073416728
2026-04-30,94496.15171200683,92631.28886588727,-1864.8628461195622,-0.019734802024563347,3,True,99757.11245475011,-0.07143173467551112
2026-05-04,92631.28886588727,92416.8265568003,-214.4623090869718,-0.002315225359732054,3,True,99757.11245475011,-0.07358157947163291
2026-05-05,92416.8265568003,91875.63509783856,-541.1914589617372,-0.005855984014221827,3,True,99757.11245475011,-0.07900667093272762
2026-05-06,91875.63509783856,91688.33573759042,-187.29936024814378,-0.0020386184002830765,3,True,99757.11245475011,-0.0808842248799021
2026-05-07,91688.33573759042,90580.0068043238,-1108.3289332666172,-0.012088003608644704,3,True,99757.11245475011,-0.09199449968631612
2026-05-08,90580.0068043238,89588.47579578105,-991.5310085427482,-0.010946466483323536,3,True,99757.11245475011,-0.10193395146217332
2026-05-11,89588.47579578105,87412.46757351396,-2176.00822226709,-0.024288930054210844,3,True,99757.11245475011,-0.12374701489917006
2026-05-12,87412.46757351396,85722.5999854426,-1689.8675880713563,-0.019332111711068856,3,True,99757.11245475011,-0.14068683549429695
2026-05-13,85722.5999854426,88071.19641753398,2348.596432091377,0.027397634141874017,3,True,99757.11245475011,-0.11714368779987361
2026-05-14,88071.19641753398,86630.72151272102,-1440.4749048129597,-0.016355800345709604,3,True,99757.11245475011,-0.13158350937616836
2026-05-15,86630.72151272102,85942.0876994085,-688.6338133125246,-0.007949071660581786,3,True,99757.11245475011,-0.1384866142913681
2026-05-18,85942.0876994085,85811.33518704277,-130.75251236572512,-0.0015214025614905813,3,True,99757.11245475011,-0.13979732296314362
2026-05-19,85811.33518704277,86401.65248739118,590.3173003484117,0.006879246186552113,3,True,99757.11245475011,-0.13387977697747588
2026-05-20,86401.65248739118,86348.8251799874,-52.82730740378611,-0.0006114154750859191,3,True,99757.11245475011,-0.13440933628511675
2026-05-21,86348.8251799874,88613.34592208541,2264.520742098015,0.0262252640655829,3,True,99757.11245475011,-0.1117089925564908
2026-05-22,88613.34592208541,87362.54223394692,-1250.8036881384905,-0.014115296912930897,3,True,99757.11245475011,-0.12424748387164242
2026-05-25,87362.54223394692,86392.0739270595,-970.4683068874292,-0.011108517244022287,3,True,99757.11245475011,-0.13397579579855023
2026-05-26,86392.0739270595,85941.38820432196,-450.68572273752943,-0.005216748507716584,3,True,99757.11245475011,-0.13849362627346462
2026-05-27,85941.38820432196,90209.48291151803,4268.094707196069,0.049662855073376866,3,True,99757.11245475011,-0.09570876009029317
2026-05-29,90209.48291151803,87528.396116014,-2681.0867955040303,-0.029720675797840213,3,True,99757.11245475011,-0.12258490685847645
2026-06-01,87528.396116014,87429.37427642768,-99.0218395863194,-0.0011313110256820913,3,True,99757.11245475011,-0.12357753622744738
2026-06-02,87429.37427642768,88362.41733068053,933.0430542528484,0.010671963078482394,3,True,99757.11245475011,-0.11422438805291424
2026-06-03,88362.41733068053,87615.17969576671,-747.2376349138212,-0.00845650965067446,3,True,99757.11245475011,-0.12171495806367683
2026-06-04,87615.17969576671,87405.26374447282,-209.91595129389316,-0.0023958856447341415,3,True,99757.11245475011,-0.12381922858763683
2026-06-05,87405.26374447282,85832.22574584998,-1573.0379986228363,-0.017997062547875586,3,True,99757.11245475011,-0.13958790873399096
2026-06-08,85832.22574584998,85850.78541576766,18.559669917682186,0.00021623195433195797,3,True,99757.11245475011,-0.13940186014596567
2026-06-09,85850.78541576766,85345.49084546516,-505.2945703025034,-0.005885730315167259,3,True,99757.11245475011,-0.14446710870688118
2026-06-10,85345.49084546516,84377.57332311418,-967.917522350981,-0.011341167679304709,3,True,99757.11245475011,-0.15416985068219669
2026-06-11,84377.57332311418,85250.52371520113,872.9503920869465,0.010345763189278712,3,True,99757.11245475011,-0.1454190922590024
2026-06-12,85250.52371520113,84813.7260664966,-436.79764870452345,-0.005123694608184959,3,True,99757.11245475011,-0.14979770384825275
2026-06-15,84813.7260664966,84626.96349603306,-186.76257046354294,-0.002202032372886409,3,True,99757.11245475011,-0.15166987682788124
2026-06-16,84626.96349603306,84528.70668953046,-98.25680650259892,-0.0011610579234265783,3,True,99757.11245475011,-0.1526548372390717
2026-06-17,84528.70668953046,83617.56895000597,-911.1377395244926,-0.010779033244540881,3,True,99757.11245475011,-0.16178839891807262
2026-06-18,83617.56895000597,81710.16245495956,-1907.406495046409,-0.022811073306697405,3,True,99757.11245475011,-0.18090890519687663
2026-06-19,81710.16245495956,82414.45371836197,704.2912634024106,0.008619383957174653,3,True,99757.11245475011,-0.17384884455486604
2026-06-22,82414.45371836197,83064.61097872205,650.1572603600798,0.007888874232933496,3,True,99757.11245475011,-0.16733144199216665
2026-06-23,83064.61097872205,82812.04329616668,-252.56768255536736,-0.0030406171723367237,3,True,99757.11245475011,-0.16986326830851006
2026-06-24,82812.04329616668,82739.46845484528,-72.57484132140235,-0.0008763802755337169,3,True,99757.11245475011,-0.17059078376616044
2026-06-25,82739.46845484528,82763.55955637124,24.091101525962586,0.0002911681930748422,3,True,99757.11245475011,-0.1703492861833501
2026-06-29,82763.55955637124,82209.33407677783,-554.2254795934132,-0.006696491578711328,3,True,99757.11245475011,-0.1759050352016952
2026-06-30,82209.33407677783,81813.35613651753,-395.9779402603017,-0.004816702929262062,3,True,99757.11245475011,-0.1798744558326293
2026-07-01,81813.35613651753,81022.16768591403,-791.1884506034985,-0.009670651443308143,3,True,99757.11245475011,-0.18780560411002534
2026-07-02,81022.16768591403,79914.52940564726,-1107.638280266765,-0.01367080531047471,3,True,99757.11245475011,-0.19890895557049582
2026-07-03,79914.52940564726,81445.37242752308,1530.8430218758149,0.019156003711230385,3,True,99757.11245475011,-0.18356325255037076
2026-07-06,81445.37242752308,80071.23435725665,-1374.138070266432,-0.016871898664215124,3,True,99757.11245475011,-0.19733809061908236
2026-07-07,80071.23435725665,79332.40470415278,-738.829653103865,-0.009227154533517079,3,True,99757.11245475011,-0.20474437609510787
2026-07-08,79332.40470415278,80368.13307010918,1035.7283659563982,0.013055552391470382,3,True,99757.11245475011,-0.19436187463260612
2026-07-09,80368.13307010918,81463.52908150735,1095.3960113981739,0.013629730709840082,3,True,99757.11245475011,-0.18338124393426825
2026-07-10,81463.52908150735,80065.64995888296,-1397.879122624392,-0.017159569912884143,3,True,99757.11245475011,-0.19739407057115055
2026-07-13,80065.64995888296,80142.7664881963,77.1165293133381,0.000963166218633571,3,True,99757.11245475011,-0.19662102765304967
2026-07-14,80142.7664881963,78180.78260650851,-1961.983881687789,-0.02448110999483344,3,True,99757.11245475011,-0.21628863664261166
2026-07-15,78180.78260650851,76885.39644354732,-1295.386162961193,-0.016569112252060703,3,True,99757.11245475011,-0.2292740381952958
2026-07-16,76885.39644354732,74583.73072567418,-2301.6657178731402,-0.029936318525236816,3,True,99757.11245475011,-0.25234673608355085
2026-07-17,74583.73072567418,73175.41549578849,-1408.3152298856876,-0.018882338228233708,3,True,99757.11245475011,-0.2664641778902642
2026-07-20,73175.41549578849,74915.55780757398,1740.1423117854865,0.023780422700649284,3,True,99757.11245475011,-0.24902038597442644
2026-07-21,74915.55780757398,74921.67406081012,6.116253236148623,8.164196350057829e-05,3,True,99757.11245475011,-0.24895907452418853
2026-07-22,74921.67406081012,76181.37927732347,1259.70521651335,0.016813628797067715,3,True,99757.11245475011,-0.23633135119183213
2026-07-23,76181.37927732347,74465.28436794174,-1716.0949093817326,-0.022526435274092704,3,True,99757.11245475011,-0.25353408358006313
2026-07-24,74465.28436794174,73740.28776908561,-724.9965988561307,-0.009736034784663339,3,True,99757.11245475011,-0.2608017017078932
2026-07-27,73740.28776908561,73702.57756489608,-37.71020418952685,-0.0005113921484496409,3,True,99757.11245475011,-0.26117972191378713
2026-07-28,73702.57756489608,74821.6340789321,1119.0565140360122,0.015183410825091892,3,True,99757.11245475011,-0.24996191010569557
2026-07-29,74821.6340789321,75843.00892846582,1021.3748495337204,0.013650795817373274,3,True,99757.11245475011,-0.23972329328529574
2026-07-30,75843.00892846582,74453.36738891898,-1389.6415395468357,-0.01832260559252774,3,True,99757.11245475011,-0.25365354352361513
2026-07-31,74453.36738891898,73043.39215096757,-1409.9752379514102,-0.0189376960021993,3,True,99757.11245475011,-0.26778762582868365
2026-08-03,73043.39215096757,71812.25770595272,-1231.1344450148463,-0.016854836676674534,3,True,99757.11245475011,-0.2801289458079812
2026-08-04,71812.25770595272,69855.47780570622,-1956.7799002465035,-0.02724855007704763,3,True,99757.11245475011,-0.29974438827714955
2026-08-05,69855.47780570622,69904.77655135002,49.29874564379861,0.0007057248363673274,3,True,99757.11245475011,-0.29925020050015105
2026-08-06,69904.77655135002,69885.87407888415,-18.902472465866595,-0.00027040315981818885,3,True,99757.11245475011,-0.29943968546017774
2026-08-07,69885.87407888415,69024.24577854981,-861.6283003343415,-0.012329076679527096,3,True,99757.11245475011,-0.30807694729677293
2026-08-10,69024.24577854981,67981.59119695546,-1042.6545815943537,-0.015105628027280438,3,True,99757.11245475011,-0.31852887955440823
2026-08-11,67981.59119695546,68180.14632916443,198.5551322089741,0.0029207191051725534,3,True,99757.11245475011,-0.31653849383329946
2026-08-12,68180.14632916443,67986.06085673426,-194.0854724301753,-0.0028466567304381574,3,True,99757.11245475011,-0.31848407412982427
2026-08-13,67986.06085673426,66316.46856145123,-1669.5922952830297,-0.024557861924098368,3,True,99757.11245475011,-0.33522064813641816
2026-08-14,66316.46856145123,65743.25120558422,-573.2173558670038,-0.00864366526597904,3,True,99757.11245475011,-0.3409667783296614
2026-08-17,65743.25120558422,64115.62047139278,-1627.6307341914435,-0.02475738124209459,3,True,99757.11245475011,-0.35728271504975984
2026-08-18,64115.62047139278,63370.75774051481,-744.8627308779687,-0.011617492358360848,3,True,99757.11245475011,-0.3647494781962557
2026-08-19,63370.75774051481,63136.81374591382,-233.94399460098793,-0.0036916710947172415,3,True,99757.11245475011,-0.3670946141855026
2026-08-20,63136.81374591382,61326.09548920493,-1810.7182567088967,-0.028679278368336836,3,True,99757.11245475011,-0.38524588392609616
2026-08-21,61326.09548920493,60444.991515350244,-881.1039738546824,-0.014367521147824913,3,True,99757.11245475011,-0.3940783766895004
2026-08-24,60444.991515350244,61502.11959261009,1057.1280772598475,0.0174890929878182,3,True,99757.11245475011,-0.3834813570760933
2026-08-25,61502.11959261009,60369.99563874791,-1132.1239538621812,-0.018407885148696845,3,True,99757.11245475011,-0.39483016144706695
2026-08-26,60369.99563874791,61898.06847550726,1528.0728367593474,0.025311793061958854,3,True,99757.11245475011,-0.379512227726276
2026-08-27,61898.06847550726,61645.48673992423,-252.5817355830295,-0.004080607712064199,3,True,99757.11245475011,-0.3820441949150577
2026-08-28,61645.48673992423,60726.69556827964,-918.7911716445888,-0.0149044353485418,3,True,99757.11245475011,-0.39125447726020235
2026-08-31,60726.69556827964,60846.13230616425,119.43673788460728,0.001966791322447481,3,True,99757.11245475011,-0.3900572018484989
2026-09-01,60846.13230616425,61334.08211170371,487.94980553946516,0.008019405458414619,3,True,99757.11245475011,-0.3851658232436821
2026-09-02,61334.08211170371,63161.619088130035,1827.5369764263232,0.029796434763594393,3,True,99757.11245475011,-0.3668459568055342
2026-09-03,63161.619088130035,63737.26985489623,575.6507667661936,0.009113933035234334,3,True,99757.11245475011,-0.361075433254872
2026-09-04,63737.26985489623,65403.41269705408,1666.142842157853,0.026140794011902058,3,True,99757.11245475011,-0.3443734377664438
2026-09-07,65403.41269705408,64691.08451640175,-712.32818065233,-0.010891299876839788,3,True,99757.11245475011,-0.3515140632629511
2026-09-08,64691.08451640175,63202.41131487935,-1488.6732015224043,-0.023012030369423897,3,True,99757.11245475011,-0.36643704133328836
2026-09-09,63202.41131487935,63452.76013003125,250.348815151905,0.003961064300294526,3,False,99757.11245475011,-0.36392745771572466
2026-09-10,63452.76013003125,62948.10057814628,-504.65955188497173,-0.00795331126417187,3,True,99757.11245475011,-0.3689863406311046
2026-09-11,62948.10057814628,63114.17082148501,166.07024333872687,0.002638208966012634,3,True,99757.11245475011,-0.3673215947372811
2026-09-15,63114.17082148501,61705.02131606669,-1409.1495054183179,-0.022326990707111083,3,True,99757.11245475011,-0.3814473996121718
