qty,entry_price,exit_price,buy_value,sell_value,gross_pnl,net_pnl,fees,return_pct,exit_reason,score,expected_net,symbol,surge_probability,predicted_mfe,p_hit_2_5,p_hit_3,p_hit_4,p_hit_5,regime,regime_score,validation_precision,mfe_validation_mae,mfe_validation_rank_ic,signal_date,entry_date,portfolio_size,configured_portfolio_size,stop_loss_pct,target_pct
162,615.3075,630.37484240625,99679.815,102120.7244698125,2440.9094698124973,2356.7717937437583,84.13767606873901,0.023567717937437584,take_profit,0.06970228192440354,0.0006681408286094677,SBCL,0.8525826334953308,0.028517436236143112,0.5592920184135437,0.5765407681465149,0.45085468888282776,0.42204567790031433,risk_off,0.20506391261650792,0.7142857142857143,0.01745998371336094,0.13128876722264976,2026-04-24,2026-04-27,1,5,0.02,0.025
173,591.2955,605.7748485562499,102294.1215,104799.04880023123,2504.92730023124,2419.8208582529596,85.10644197828044,0.023641043145919766,take_profit,0.09963449069325744,0.00025806325674057,RAYMONDREL,0.8039150238037109,0.03468906506896019,0.5501791834831238,0.6902927756309509,0.6272401213645935,0.6216216087341309,risk_on,0.8177920516261694,0.8333333333333334,0.01698276383427659,0.18247144274491828,2026-05-06,2026-05-07,1,5,0.02,0.025
50,410.90534999999994,420.9673947581249,20545.267499999998,21048.369737906243,503.10223790624514,448.2889168375755,54.81332106866962,0.021392608095517816,take_profit,0.09910576772297124,0.009664304733276369,OMNI,0.8360778093338013,0.03849257156252861,0.7592067718505859,0.6902927756309509,0.6272401213645935,0.4984802007675171,risk_off,0.19343057296766802,0.8333333333333334,0.01698276383427659,0.18247144274491828,2026-05-12,2026-05-13,5,5,0.02,0.025
57,365.1825,374.12490646875,20815.4025,21325.11966871875,509.71716871875105,454.8037455469141,54.91342317183694,0.021703499514318617,take_profit,0.09901895653808811,0.009664304733276369,AEROFLEX,0.8445746302604675,0.037624459713697433,0.7592067718505859,0.7272727489471436,0.6272401213645935,0.4984802007675171,risk_off,0.19343057296766802,0.8333333333333334,0.01698276383427659,0.18247144274491828,2026-05-12,2026-05-13,5,5,0.02,0.025
21,991.5455249999999,971.22875719275,20822.456024999996,20395.80390104775,-426.65212395224444,-481.29496222977184,54.64283827752738,-0.02296767579703308,stop_and_target_same_bar_conservative_stop,0.08282251235450007,0.004250000298023224,RPSGVENT,0.8451075553894043,0.05012093856930733,0.6388888955116272,0.625,0.4486842155456543,0.3961864411830902,risk_off,0.19343057296766802,0.8333333333333334,0.01698276383427659,0.18247144274491828,2026-05-12,2026-05-13,5,5,0.02,0.025
88,236.9184,242.71993931999998,20848.819199999998,21359.35466016,510.5354601600011,455.6096539872538,54.925806172747265,0.021741957934273942,take_profit,0.06936539721096255,0.00025806325674057,CMPDI,0.8239008188247681,0.04417886957526207,0.5501791834831238,0.625,0.5699708461761475,0.4761904776096344,risk_off,0.19343057296766802,0.8333333333333334,0.01698276383427659,0.18247144274491828,2026-05-12,2026-05-13,5,5,0.02,0.025
103,202.60125,198.4499503875,20867.92875,20440.3448899125,-427.5838600874995,-482.2429522659984,54.659092178498874,-0.02301291443346093,stop_loss,0.06910655584538677,0.00025806325674057,MOBIKWIK,0.8091452717781067,0.041590455919504166,0.5501791834831238,0.5714285969734192,0.4871794879436493,0.3961864709854126,risk_off,0.19343057296766802,0.8333333333333334,0.01698276383427659,0.18247144274491828,2026-05-12,2026-05-13,5,5,0.02,0.025
200,525.2624999999999,514.4998713749999,105052.49999999999,102899.97427499997,-2152.525725000014,-2237.2759912707743,84.75026627076025,-0.021272593079573278,stop_loss,0.08524084603722808,0.00025806325674057,JARO,0.820794403553009,0.04205026105046272,0.5501791834831238,0.6902928352355957,0.6272401213645935,0.6216216087341309,neutral,0.5151967665425772,0.8333333333333334,0.01698276383427659,0.18247144274491828,2026-05-13,2026-05-14,1,5,0.02,0.025
106,969.4844999999999,993.2247516937499,102765.35699999999,105281.82367953748,2516.466679537494,2431.1856150014664,85.28106453602787,0.023618767879374516,take_profit,0.09068122280602359,0.004367923617362977,SHARDACROP,0.8159550428390503,0.03919868543744087,0.6415094137191772,0.5816023945808411,0.5699708461761475,0.4321267008781433,risk_off,0.36484978545997615,0.8333333333333334,0.01698276383427659,0.18247144274491828,2026-05-14,2026-05-15,1,5,0.02,0.025
91,576.78825,590.912352271875,52487.730749999995,53773.02405674062,1285.2933067406266,1218.6432827209524,66.6500240196743,0.02313169595271945,take_profit,0.07808240328739778,0.004367923617362977,JINDRILL,0.845147430896759,0.04156981036067009,0.6415094137191772,0.6902927756309509,0.5699708461761475,0.4321267008781433,risk_off,0.10813114524100131,0.8333333333333334,0.01698276383427659,0.18247144274491828,2026-05-15,2026-05-18,2,5,0.02,0.025
419,125.54274,128.61696784574997,52602.408059999994,53890.509527369235,1288.1014673692407,1221.4089481530293,66.69251921621148,0.023184192473062065,take_profit,0.06429438997815744,0.00025806325674057,AYE,0.8380856513977051,0.036118511110544205,0.5501791834831238,0.5714285373687744,0.4486842155456543,0.365487664937973,risk_off,0.10813114524100131,0.8333333333333334,0.01698276383427659,0.18247144274491828,2026-05-15,2026-05-18,2,5,0.02,0.025
82,261.03045,255.6819360795,21404.4969,20965.918758518997,-438.5781414810008,-493.42902611474733,54.850884633746574,-0.02288510438549407,stop_and_target_same_bar_conservative_stop,0.08535565085039905,0.006645038604736327,SUVEN,0.8396520018577576,0.04062747582793236,0.6921119689941406,0.7543859481811523,0.70652174949646,0.6666666865348816,risk_off,0.10873335526910856,0.8333333333333334,0.01698276383427659,0.18247144274491828,2026-05-18,2026-05-19,5,5,0.02,0.025
652,33.0165,32.339991915,21526.758,21085.674728579997,-441.08327142000417,-495.97785741125824,54.89458599125407,-0.023003318489639824,stop_and_target_same_bar_conservative_stop,0.07801680884586147,0.004250000298023224,FCL,0.8226317763328552,0.044412512332201004,0.6388888955116272,0.6902927756309509,0.6272401213645935,0.6216216087341309,risk_off,0.10873335526910856,0.8333333333333334,0.01698276383427659,0.18247144274491828,2026-05-18,2026-05-19,5,5,0.02,0.025
47,453.176475,443.89088902725,21299.294325,20862.87178428075,-436.4225407192498,-491.2358214434881,54.81328072423828,-0.022783384147761543,stop_loss,0.07774880922661594,0.004367923617362977,JAINREC,0.8276994228363037,0.03793276473879814,0.6415094137191772,0.5714285969734192,0.4486842155456543,0.3961864411830902,risk_off,0.10873335526910856,0.8333333333333334,0.01698276383427659,0.18247144274491828,2026-05-18,2026-05-19,5,5,0.02,0.025
32,655.22745,671.272332181875,20967.2784,21480.71462982,513.4362298199994,458.4665270212706,54.96970279872879,0.02126355316133506,take_profit,0.07764224714861682,0.004296102106571197,JINDRILL,0.8239821791648865,0.03918139263987541,0.6399133801460266,0.6902927756309509,0.5699708461761475,0.4984802305698395,risk_off,0.10873335526910856,0.8333333333333334,0.01698276383427659,0.18247144274491828,2026-05-18,2026-05-19,5,5,0.02,0.025
50,430.215,430.434675,21510.75,21521.733750000003,10.983750000003056,-44.03689083470944,55.020640834712495,-0.002042419051631897,close_proxy,0.07753236315475277,0.004367923617362977,APEX,0.8265882730484009,0.0357683040201664,0.6415094137191772,0.5816023945808411,0.4486842155456543,0.365487664937973,risk_off,0.10873335526910856,0.8333333333333334,0.01698276383427659,0.18247144274491828,2026-05-18,2026-05-19,5,5,0.02,0.025
331,161.12051999999997,157.8191605452,53330.89211999999,52238.1421404612,-1092.749979538792,-1159.0127262565113,66.26274671771914,-0.021716659022146156,stop_and_target_same_bar_conservative_stop,0.0874106132387875,0.004367926299571991,EXICOM,0.8282899856567383,0.032460179179906845,0.641509473323822,0.6902927756309509,0.5699708461761475,0.6216216087341309,risk_off,0.31291443377685235,0.8333333333333334,0.01698276383427659,0.18247144274491828,2026-05-29,2026-06-01,2,5,0.02,0.025
53,990.4949999999999,970.19975745,52496.23499999999,51420.58714485,-1075.6478551499968,-1141.612259637871,65.96440448787419,-0.02139062291242736,stop_and_target_same_bar_conservative_stop,0.07488818714020237,0.00025806325674057,SUPRIYA,0.7990592122077942,0.03966483846306801,0.5501791834831238,0.659217894077301,0.5699708461761475,0.4984802305698395,risk_off,0.31291443377685235,0.8333333333333334,0.01698276383427659,0.18247144274491828,2026-05-29,2026-06-01,2,5,0.02,0.025
5571,18.739365,19.1982452004375,104397.002415,106953.42401163733,2556.4215966373304,2470.535904275716,85.88569236161436,0.02365532725052965,take_profit,0.07627468180211489,0.001687645792961121,JPPOWER,0.8140388131141663,0.0380885936319828,0.5819476842880249,0.5611110925674438,0.4745483994483948,0.37569063901901245,risk_off,0.25166816434305994,0.8764044943820225,0.017338733069994047,0.1919822757419239,2026-06-01,2026-06-02,1,5,0.02,0.025
704,151.77585,148.6659628335,106850.1984,104660.837834784,-2189.3605652159895,-2274.753405948038,85.39284073204884,-0.021277390476234233,stop_and_target_same_bar_conservative_stop,0.08709071563367271,0.0016876484751701367,AYE,0.7946009635925293,0.028296638280153275,0.5819477438926697,0.5915840864181519,0.47454842925071716,0.38297873735427856,neutral,0.4875725788244052,0.8764044943820225,0.017338733069994047,0.1919822757419239,2026-06-04,2026-06-05,1,5,0.02,0.025
84,620.31,607.5998480999999,52106.03999999999,51038.38724039999,-1067.6527596000014,-1133.4776916702986,65.8249320702971,-0.021665433907992773,stop_and_target_same_bar_conservative_stop,0.08040358157315526,0.0006181820034980778,JSLL,0.8222261071205139,0.0356123112142086,0.5581818222999573,0.5149626135826111,0.45348837971687317,0.37569060921669006,neutral,0.4081197243648118,0.8764044943820225,0.017338733069994047,0.1919822757419239,2026-06-05,2026-06-08,2,5,0.02,0.025
27,1900.9499999999998,1861.9995345,51325.649999999994,50273.9874315,-1051.6625684999963,-1117.208555735139,65.54598723514286,-0.021354463615473,stop_and_target_same_bar_conservative_stop,0.0797893211380509,0.0006181846857070935,WOCKPHARMA,0.7659532427787781,0.029469620436429977,0.558181881904602,0.48520708084106445,0.39678284525871277,0.2853773534297943,neutral,0.4081197243648118,0.8764044943820225,0.017338733069994047,0.1919822757419239,2026-06-05,2026-06-08,2,5,0.02,0.025
83,409.0044,419.019895245,33947.3652,34778.651305335,831.2861053349989,771.5064594042276,59.77964593077127,0.02260626558631633,take_profit,0.07466212090009172,0.0014523811936378488,E2E,0.7932965159416199,0.04061359539628029,0.5767195820808411,0.5149626135826111,0.3967828154563904,0.2853773534297943,risk_off,0.22952843917483462,0.8764044943820225,0.017338733069994047,0.1919822757419239,2026-06-08,2026-06-09,3,5,0.02,0.025
62,544.2719999999999,533.1198667199999,33744.863999999994,33053.43173663999,-691.4322633600023,-750.6941241293375,59.26186076933526,-0.021996433778739572,stop_loss,0.07417778801077327,0.0016876484751701367,TEJASNET,0.8060134649276733,0.028189431875944138,0.5819477438926697,0.5149626135826111,0.39678284525871277,0.3454545736312866,risk_off,0.22952843917483462,0.8764044943820225,0.017338733069994047,0.1919822757419239,2026-06-08,2026-06-09,3,5,0.02,0.025
7,4342.17,4448.498887874999,30395.190000000002,31139.492215124992,744.3022151249897,685.8388747760156,58.46334034897411,0.02009608029021513,take_profit,0.07401768024915178,0.0016876484751701367,NETWEB,0.7967081665992737,0.026588354259729385,0.5819477438926697,0.48520711064338684,0.39678284525871277,0.2853773534297943,risk_off,0.22952843917483462,0.8764044943820225,0.017338733069994047,0.1919822757419239,2026-06-08,2026-06-09,3,5,0.02,0.025
453,113.55675,116.33747091562499,51441.207749999994,52700.874324778124,1259.6665747781299,1193.4043537210964,66.26222105703353,0.023152528473823996,take_profit,0.0709624056597077,0.0016876484751701367,MARSONS,0.8334611654281616,0.03358295187354088,0.5819477438926697,0.557692289352417,0.47454842925071716,0.37569060921669006,risk_off,0.15443375215832988,0.8764044943820225,0.017338733069994047,0.1919822757419239,2026-06-11,2026-06-12,2,5,0.02,0.025
164,313.006425,320.67116983218745,51333.0537,52590.071852478744,1257.0181524787477,1190.796009337834,66.22214314091357,0.023101925534916724,take_profit,0.0702819436867558,0.001687645792961121,JAINREC,0.8127885460853577,0.026778418570756912,0.5819476842880249,0.5149626731872559,0.47454845905303955,0.37569060921669006,risk_off,0.15443375215832988,0.8764044943820225,0.017338733069994047,0.1919822757419239,2026-06-11,2026-06-12,2,5,0.02,0.025
483,217.9089,213.443946639,105249.9987,103093.42622663699,-2156.572473363005,-2241.393334134354,84.82086077134929,-0.021250504620212125,stop_loss,0.08988781931907644,0.0014523811936378488,DECNGOLD,0.7944114208221436,0.030107956379652023,0.5767195820808411,0.557692289352417,0.45348837971687317,0.34545454382896423,neutral,0.5550536855877853,0.8764044943820225,0.017338733069994047,0.1919822757419239,2026-06-24,2026-06-25,1,5,0.02,0.025
614,83.94195,85.99747850062501,51540.3573,52802.45179938376,1262.0944993837547,1195.7955371473736,66.29896223638124,0.02316682639042632,take_profit,0.07006130789087217,0.0006181820034980778,ARFIN,0.803581714630127,0.028393451124429703,0.5581818222999573,0.48520708084106445,0.3967828154563904,0.2853773534297943,risk_off,0.21571197089870775,0.8764044943820225,0.017338733069994047,0.1919822757419239,2026-06-29,2026-06-30,2,5,0.02,0.025
1810,28.504244999999997,27.92019301995,51592.68345,50535.549366109495,-1057.1340838905016,-1122.7755203262889,65.6414364357873,-0.021752168114684993,stop_loss,0.06990669791267316,0.0006181820034980778,ATALREAL,0.7881267070770264,0.02684735134243965,0.5581818222999573,0.5149626135826111,0.3967828154563904,0.34545451402664185,risk_off,0.21571197089870775,0.8764044943820225,0.017338733069994047,0.1919822757419239,2026-06-29,2026-06-30,2,5,0.02,0.025
65,317.30857499999996,310.80692229824996,20625.057374999997,20202.449949386246,-422.6074256137508,-477.17970515284753,54.57227953909671,-0.0230953478893253,stop_loss,0.09656210345206338,0.0029168297648429877,SKMEGGPROD,0.7984682321548462,0.03791901841759682,0.6092628836631775,0.5656814575195312,0.44474393129348755,0.3529411852359772,neutral,0.5785416695828594,0.85,0.01710309693148387,0.06990124012740409,2026-07-01,2026-07-02,5,5,0.02,0.025
83,246.9234,246.62662500000002,20494.6422,20470.009875,-24.632324999998673,-79.2733023727969,54.64097737279824,-0.003836802942088611,close_proxy,0.09347612884817201,0.0022391294240951534,WALCHANNAG,0.8190277218818665,0.028896283358335495,0.5942028760910034,0.5161290168762207,0.413112998008728,0.2559775114059448,neutral,0.5785416695828594,0.85,0.01710309693148387,0.06990124012740409,2026-07-01,2026-07-02,5,5,0.02,0.025
53,388.043925,397.54615061343753,20566.328025,21069.94598251219,503.6179575121896,448.7968321869582,54.82112532523138,0.02172162575033414,take_profit,0.09334989142594416,0.0022391294240951534,RHIM,0.7238141298294067,0.0276339091360569,0.5942028760910034,0.5277475714683533,0.413112998008728,0.3185146450996399,neutral,0.5785416695828594,0.85,0.01710309693148387,0.06990124012740409,2026-07-01,2026-07-02,5,5,0.02,0.025
38,538.118925,551.2961121759375,20448.51915,20949.252262685626,500.7331126856261,445.9556429998316,54.77746968579452,0.02158411308584423,take_profit,0.08876767215309221,0.00023114460706710836,AMAGI,0.800367534160614,0.046513449400663376,0.549580991268158,0.5161290168762207,0.413112998008728,0.31111112236976624,neutral,0.5785416695828594,0.85,0.01710309693148387,0.06990124012740409,2026-07-01,2026-07-02,5,5,0.02,0.025
55,375.1875,367.499908125,20635.3125,20212.494946875,-422.8175531250017,-477.3934982853296,54.5759451603279,-0.02310569540980386,stop_loss,0.08782274481830675,0.00023114460706710836,GOCOLORS,0.774370551109314,0.03706417605280876,0.549580991268158,0.5277475714683533,0.413112998008728,0.3185146450996399,neutral,0.5785416695828594,0.85,0.01710309693148387,0.06990124012740409,2026-07-01,2026-07-02,5,5,0.02,0.025
298,69.0345,67.619983095,20572.281,20150.75496231,-421.5260376900005,-476.079452690566,54.55341500056545,-0.023073162216886756,stop_and_target_same_bar_conservative_stop,0.10506309028131658,0.0029168297648429877,TIRUPATIFL,0.8103335499763489,0.03941304609179497,0.6092628836631775,0.565681517124176,0.44092220067977905,0.3185146450996399,risk_on,0.7455733508195271,0.85,0.01710309693148387,0.06990124012740409,2026-07-02,2026-07-03,5,5,0.02,0.025
3,6356.67675,6226.4284433925,19070.03025,18679.285330177503,-390.74491982249674,-444.7613660153903,54.01644619289358,-0.021555333018220383,stop_loss,0.09607488076550658,0.00023114460706710836,THANGAMAYL,0.7518061399459839,0.03606969490647316,0.549580991268158,0.5277475714683533,0.413112998008728,0.3185146450996399,risk_on,0.7455733508195271,0.85,0.01710309693148387,0.06990124012740409,2026-07-02,2026-07-03,5,5,0.02,0.025
64,318.9594,326.7699183075,20413.4016,20913.27477168,499.87317167999936,445.1087152676166,54.76445641238277,0.021572167278966648,take_profit,0.09585951130253965,0.00023114460706710836,ADFFOODS,0.7287245988845825,0.03391600027680397,0.549580991268158,0.5161290168762207,0.413112998008728,0.3111111521720886,risk_on,0.7455733508195271,0.85,0.01710309693148387,0.06990124012740409,2026-07-02,2026-07-03,5,5,0.02,0.025
43,478.73924999999997,490.462377384375,20585.78775,21089.882227528124,504.0944775281241,449.2661411439794,54.828336384144734,0.021773656675553456,take_profit,0.09572236175996954,0.00023114460706710836,ZENSARTECH,0.7422258257865906,0.03254450485110283,0.549580991268158,0.5161290168762207,0.413112998008728,0.3185146450996399,risk_on,0.7455733508195271,0.85,0.01710309693148387,0.06990124012740409,2026-07-02,2026-07-03,5,5,0.02,0.025
64,318.9594,312.42392189400005,20413.4016,19995.131001216003,-418.27059878399814,-472.76722347709887,54.49662469310073,-0.022912635226045357,stop_loss,0.09538431029183561,0.00023114460706710836,KISSHT,0.7457196116447449,0.029163990169763565,0.549580991268158,0.5656814575195312,0.44092220067977905,0.38372093439102173,risk_on,0.7455733508195271,0.85,0.01710309693148387,0.06990124012740409,2026-07-02,2026-07-03,5,5,0.02,0.025
108,315.70777499999997,319.2403,34096.439699999995,34477.9524,381.5127000000066,321.8100808145156,59.702619185490995,0.009403407463397963,close_proxy,0.09655685829317037,0.0029168297648429877,SKMEGGPROD,0.7921486496925354,0.040184009820222855,0.6092628836631775,0.5656814575195312,0.44474393129348755,0.3529411852359772,neutral,0.5739067835997469,0.85,0.01710309693148387,0.06990124012740409,2026-07-03,2026-07-06,3,5,0.02,0.025
506,67.53375,69.18748270312499,34172.0775,35008.86624778124,836.7887477812401,776.9258317305748,59.86291605066526,0.02270205503230595,take_profit,0.0876899881879038,0.00023114460706710836,TIRUPATIFL,0.7824482917785645,0.038054052740335464,0.549580991268158,0.5161290168762207,0.3564356565475464,0.2708333134651184,neutral,0.5739067835997469,0.85,0.01710309693148387,0.06990124012740409,2026-07-03,2026-07-06,3,5,0.02,0.025
1068,32.016,31.35999216,34193.087999999996,33492.471626880004,-700.6163731199922,-760.0384483587494,59.42207523875716,-0.022208599555603795,stop_loss,0.08690228449499074,0.00023114460706710836,MCLOUD,0.7301743626594543,0.03017701581120491,0.549580991268158,0.5161290168762207,0.413112998008728,0.3185146450996399,neutral,0.5739067835997469,0.85,0.01710309693148387,0.06990124012740409,2026-07-03,2026-07-06,3,5,0.02,0.025
434,118.509225,116.08097097975,51433.00365,50379.1414052115,-1053.862244788499,-1119.4466048195548,65.58436003105575,-0.021735386916520005,stop_loss,0.10403786304934187,0.006588328659534457,MBAPL,0.7685964703559875,0.026826348155736923,0.6908517479896545,0.6086956262588501,0.5134408473968506,0.40092700719833374,neutral,0.5136344955053651,0.85,0.01710309693148387,0.06990124012740409,2026-07-06,2026-07-07,2,5,0.02,0.025
352,146.123025,143.12896421775002,51435.304800000005,50381.39540464801,-1053.9093953519987,-1119.4945779126965,65.58518256069787,-0.021736318371166016,stop_loss,0.0982683211897151,0.004802326142787936,KRISHANA,0.7580421566963196,0.02667989954352379,0.6511628031730652,0.5656814575195312,0.44505494832992554,0.38372093439102173,neutral,0.5136344955053651,0.85,0.01710309693148387,0.06990124012740409,2026-07-06,2026-07-07,2,5,0.02,0.025
621,162.081,166.0499584875,100652.30099999999,103117.0242207375,2464.7232207375055,2380.225177097364,84.49804364014133,0.023620870783044895,take_profit,0.08728868699973306,0.004600945889949801,IOLCP,0.7623505592346191,0.027420159429311752,0.6466876864433289,0.6086956262588501,0.5134408473968506,0.42384105920791626,risk_off,0.3055391304503837,0.85,0.01710309693148387,0.06990124012740409,2026-07-07,2026-07-08,1,5,0.02,0.025
29,874.4369999999999,856.51978587,25358.672999999995,24839.07379023,-519.5992097699964,-575.8634864261744,56.264276656178,-0.022331518770218623,stop_loss,0.07837446480391236,0.0029168297648429877,RAMCOSYS,0.8554826378822327,0.04857778921723366,0.6092628836631775,0.5656814575195312,0.418181836605072,0.3185146450996399,risk_off,0.1934713550205649,0.85,0.01710309693148387,0.06990124012740409,2026-07-08,2026-07-09,4,5,0.02,0.025
131,196.09799999999998,200.89994977499998,25688.838,26317.893420524997,629.0554205249973,572.3360812623159,56.719339262681345,0.022194728859964485,take_profit,0.07717370837328644,0.0029168297648429877,CUPID,0.8301208019256592,0.0365702249109745,0.6092628836631775,0.5656814575195312,0.44474393129348755,0.3529411852359772,risk_off,0.1934713550205649,0.85,0.01710309693148387,0.06990124012740409,2026-07-08,2026-07-09,4,5,0.02,0.025
12,2065.5322499999997,2116.1119709718746,24786.386999999995,25393.343651662493,606.9566516624982,550.5717275741017,56.384924088396474,0.021350724882691408,take_profit,0.07640993445513458,0.0029168297648429877,KERNEX,0.8095642328262329,0.028932485729455948,0.6092628836631775,0.5277475118637085,0.413112998008728,0.31111112236976624,risk_off,0.1934713550205649,0.85,0.01710309693148387,0.06990124012740409,2026-07-08,2026-07-09,4,5,0.02,0.025
37,681.9408,667.967833008,25231.8096,24714.809821296,-516.9997787040011,-573.2187089433874,56.21893023938626,-0.022228956445306428,stop_loss,0.07608782678244323,0.002916827082633972,SGMART,0.7656005620956421,0.02571149542927742,0.6092628240585327,0.5656814575195312,0.41818180680274963,0.3529411852359772,risk_off,0.1934713550205649,0.85,0.01710309693148387,0.06990124012740409,2026-07-08,2026-07-09,4,5,0.02,0.025
87,236.118,231.27994218,20542.266,20121.354969660002,-420.9110303399975,-475.45371669305706,54.54268635305952,-0.02305298652980646,stop_loss,0.11961660928017584,0.009080060601234438,TBZ,0.8221299648284912,0.02652476355433464,0.7462235689163208,0.8421052098274231,0.6000000238418579,0.46268656849861145,risk_on,0.6652343086375169,0.85,0.01710309693148387,0.06990124012740409,2026-07-09,2026-07-10,5,5,0.02,0.025
19,1075.487475,1101.8234745440625,20434.262024999996,20934.64601633719,500.3839913371921,445.61180481795367,54.77218651923847,0.021606062952753947,take_profit,0.11225422344095198,0.006588328659534457,MAPMYINDIA,0.7917378544807434,0.0331900455057621,0.6908517479896545,0.6752136945724487,0.5927835702896118,0.4571428596973419,risk_on,0.6652343086375169,0.85,0.01710309693148387,0.06990124012740409,2026-07-09,2026-07-10,5,5,0.02,0.025
16,1212.606,1242.299689425,19401.696,19876.7950308,475.09903080000004,420.7094753014054,54.38955549859466,0.020398641395722776,take_profit,0.10464612237102475,0.004477271914482117,BUILDPRO,0.7671460509300232,0.02513197436928749,0.6439393758773804,0.6086956262588501,0.5134408473968506,0.42384105920791626,risk_on,0.6652343086375169,0.85,0.01710309693148387,0.06990124012740409,2026-07-09,2026-07-10,5,5,0.02,0.025
27,739.86975,724.7098188225,19976.483249999997,19567.1651082075,-409.31814179249704,-463.65859314006974,54.340451347572696,-0.022481084755064502,stop_loss,0.10165789938456501,0.0029168297648429877,ITDC,0.7894597053527832,0.04553065821528435,0.6092628836631775,0.5656814575195312,0.44474393129348755,0.40092700719833374,risk_on,0.6652343086375169,0.85,0.01710309693148387,0.06990124012740409,2026-07-09,2026-07-10,5,5,0.02,0.025
24,855.377475,837.8507905372501,20529.0594,20108.418972894004,-420.6404271059946,-475.1783928541515,54.537965748156914,-0.023039637098459558,stop_loss,0.10114660701639142,0.0029168297648429877,RAMCOSYS,0.8190892934799194,0.040417734533548355,0.6092628836631775,0.5277475714683533,0.413112998008728,0.3185146450996399,risk_on,0.6652343086375169,0.85,0.01710309693148387,0.06990124012740409,2026-07-09,2026-07-10,5,5,0.02,0.025
14,1384.692,1381.7088,19385.688000000002,19343.9232,-41.76480000000083,-95.99776352315283,54.232963523152,-0.004679440966353238,close_proxy,0.10752555100189191,0.004600945889949801,GODREJIND,0.770041823387146,0.02862422540783882,0.6466876864433289,0.6086956262588501,0.5134408473968506,0.42384102940559387,risk_on,0.7078682785365067,0.85,0.01710309693148387,0.06990124012740409,2026-07-10,2026-07-13,5,5,0.02,0.025
43,469.63469999999995,460.011884997,20194.2921,19780.511054871,-413.7810451289988,-468.19935069530624,54.41830556630742,-0.02282252358447076,stop_and_target_same_bar_conservative_stop,0.10689412517415028,0.004477271914482117,IONEXCHANG,0.7643463015556335,0.026295017451047897,0.6439393758773804,0.6086956262588501,0.5134408473968506,0.42384105920791626,risk_on,0.7078682785365067,0.85,0.01710309693148387,0.06990124012740409,2026-07-10,2026-07-13,5,5,0.02,0.025
108,189.084495,185.21015369745,20421.12546,20002.6965993246,-418.428860675398,-472.9282462071236,54.49938553172558,-0.023053035073191695,stop_loss,0.10250411597953778,0.002916827082633972,J&KBANK,0.7383341193199158,0.03267592564225197,0.6092628240585327,0.5656814575195312,0.44505494832992554,0.40092700719833374,risk_on,0.7078682785365067,0.85,0.01710309693148387,0.06990124012740409,2026-07-10,2026-07-13,5,5,0.02,0.025
102,200.9004,205.819948545,20491.840799999998,20993.634751589998,501.7939515899998,447.00042849284546,54.79352309715431,0.02178917550055623,take_profit,0.1020275266276453,0.0029168297648429877,STALLION,0.7156349420547485,0.02790994569659233,0.6092628836631775,0.5656814575195312,0.44474393129348755,0.40092700719833374,risk_on,0.7078682785365067,0.85,0.01710309693148387,0.06990124012740409,2026-07-10,2026-07-13,5,5,0.02,0.025
3,6517.75725,6384.208403947499,19553.27175,19152.625211842496,-400.6465381575035,-454.8357155752426,54.189177417739074,-0.022171109016618454,stop_loss,0.09425253016816121,0.00023114460706710836,THANGAMAYL,0.7772535681724548,0.03669872507452965,0.549580991268158,0.5161290168762207,0.41311296820640564,0.2559775114059448,risk_on,0.7078682785365067,0.85,0.01710309693148387,0.06990124012740409,2026-07-10,2026-07-13,5,5,0.02,0.025
17,1178.589,1207.4496981374998,20036.013,20526.6448683375,490.6318683374993,436.0072582707266,54.62461006677273,0.02147205410136053,take_profit,0.09386331823609002,0.0029168297648429877,MAPMYINDIA,0.8052390217781067,0.03737586364150047,0.6092628836631775,0.5656814575195312,0.4545454680919647,0.40092700719833374,neutral,0.5256522748155847,0.85,0.01710309693148387,0.06990124012740409,2026-07-13,2026-07-14,5,5,0.02,0.025
56,362.181,354.75991131,20282.136,19866.55503336,-415.5809666399982,-470.03067138133963,54.449704741341435,-0.023147605489934903,stop_loss,0.0937309501781238,0.0029168324470520033,SKMEGGPROD,0.7860283851623535,0.036052096635103226,0.6092629432678223,0.5656814575195312,0.44505494832992554,0.40092700719833374,neutral,0.5256522748155847,0.85,0.01710309693148387,0.06990124012740409,2026-07-13,2026-07-14,5,5,0.02,0.025
55,367.7838,360.24790993799996,20228.109,19813.63504659,-414.47395341000083,-468.9043465858316,54.430393175830766,-0.02309213736070978,stop_loss,0.0926283658756984,0.0029168297648429877,GOLDIAM,0.7761353254318237,0.025026340037584305,0.6092628836631775,0.5324675440788269,0.41818180680274963,0.3185146749019623,neutral,0.5256522748155847,0.85,0.01710309693148387,0.06990124012740409,2026-07-13,2026-07-14,5,5,0.02,0.025
90,225.222555,230.7376923155625,20270.02995,20766.392308400624,496.36235840062363,441.65103025262556,54.711328147998046,0.02174999300038645,take_profit,0.08605612334749826,0.00023114460706710836,TBZ,0.7902439832687378,0.04584265872836113,0.549580991268158,0.5161290168762207,0.413112998008728,0.3185146749019623,neutral,0.5256522748155847,0.85,0.01710309693148387,0.06990124012740409,2026-07-13,2026-07-14,5,5,0.02,0.025
64,316.15799999999996,309.6799225799999,20234.111999999997,19819.515045119995,-414.59695488000216,-469.0294937853341,54.43253890533195,-0.023098300486179318,stop_loss,0.08415727210185656,0.00023114460706710836,SONATSOFTW,0.7212684750556946,0.026854146271944046,0.549580991268158,0.5277475714683533,0.413112998008728,0.3529411852359772,neutral,0.5256522748155847,0.85,0.01710309693148387,0.06990124012740409,2026-07-13,2026-07-14,5,5,0.02,0.025
95,263.53169999999994,258.13193546699995,25035.511499999993,24522.533869364994,-512.9776306349995,-569.126395519697,56.148764884697464,-0.02253994958705408,stop_and_target_same_bar_conservative_stop,0.10028845396369565,0.009080060601234438,TBZ,0.8146133422851562,0.029281597584486008,0.7462235689163208,0.6752136945724487,0.6000000238418579,0.46268656849861145,risk_off,0.27315753424761047,0.85,0.01710309693148387,0.06990124012740409,2026-07-14,2026-07-15,4,5,0.02,0.025
40,625.3125,640.62483984375,25012.5,25624.99359375,612.4935937500013,556.0248804937685,56.4687132562328,0.022021071020670246,take_profit,0.08055938434332478,0.002916827082633972,SGFIN,0.7496820688247681,0.030583981424570084,0.6092628240585327,0.5277475118637085,0.413112998008728,0.3185146450996399,risk_off,0.27315753424761047,0.85,0.01710309693148387,0.06990124012740409,2026-07-14,2026-07-15,4,5,0.02,0.025
1293,19.50975,19.1099952225,25226.10675,24709.2238226925,-516.8829273074989,-573.0998191038591,56.21689179636014,-0.022697314924490668,stop_and_target_same_bar_conservative_stop,0.08049299445479978,0.002916827082633972,HARDWYN,0.8082764148712158,0.029920082539319992,0.6092628240585327,0.5277475714683533,0.413112998008728,0.3185146450996399,risk_off,0.27315753424761047,0.85,0.01710309693148387,0.06990124012740409,2026-07-14,2026-07-15,4,5,0.02,0.025
113,223.11149999999998,218.539945365,25211.599499999997,24695.013826245,-516.5856737549984,-572.7973800383974,56.211706283398925,-0.02268533698542067,stop_loss,0.08013595711916555,0.0029168297648429877,NACLIND,0.8247177004814148,0.026349622756242752,0.6092628836631775,0.5656814575195312,0.44092220067977905,0.3185146450996399,risk_off,0.27315753424761047,0.85,0.01710309693148387,0.06990124012740409,2026-07-14,2026-07-15,4,5,0.02,0.025
43,773.3865,757.5398106150001,33255.6195,32574.211856445003,-681.4076435549978,-740.4946273699863,59.08698381498857,-0.022250506336326966,stop_loss,0.10119281330404961,0.0029168324470520033,ITDC,0.7455865740776062,0.035038482397794724,0.6092629432678223,0.5656814575195312,0.44474393129348755,0.40092700719833374,risk_on,0.6769167658087181,0.85,0.01710309693148387,0.06990124012740409,2026-07-15,2026-07-16,3,5,0.02,0.025
98,337.018425,330.11291747175,33027.805649999995,32351.0659122315,-676.7397377684938,-735.7452911489123,59.00555338041854,-0.0221077974877082,stop_loss,0.09214573108850205,0.00023114460706710836,SKMEGGPROD,0.7977198362350464,0.03110649064183235,0.549580991268158,0.5277475714683533,0.413112998008728,0.3185146450996399,risk_on,0.6769167658087181,0.85,0.01710309693148387,0.06990124012740409,2026-07-15,2026-07-16,3,5,0.02,0.025
123,269.1345,263.619934095,33103.5435,32425.251893685003,-678.2916063149969,-737.3242316492888,59.03262533429184,-0.022155241755782214,stop_loss,0.09158247241078102,0.00023114460706710836,SSWL,0.6850009560585022,0.025473903864622116,0.549580991268158,0.527747631072998,0.413112998008728,0.3185146450996399,risk_on,0.6769167658087181,0.85,0.01710309693148387,0.06990124012740409,2026-07-15,2026-07-16,3,5,0.02,0.025
61,788.394,772.2398069400001,48092.034,47106.628223340005,-985.4057766599944,-1049.795930937165,64.39015427717051,-0.02150645254070283,stop_loss,0.0799137328369054,0.00023114460706710836,JUSTDIAL,0.793473482131958,0.04029073193669319,0.549580991268158,0.5161290168762207,0.413112998008728,0.3185146450996399,neutral,0.41390831818706336,0.85,0.01710309693148387,0.06990124012740409,2026-07-16,2026-07-17,2,5,0.02,0.025
89,545.2724999999999,534.099866475,48529.252499999995,47534.888116275,-994.3643837249983,-1058.9108186341718,64.54643490917358,-0.021693183022211283,stop_and_target_same_bar_conservative_stop,0.07839187500900355,0.00023114460706710836,NEWGEN,0.7169789671897888,0.02507215365767479,0.549580991268158,0.5161290168762207,0.3564356565475464,0.2708333432674408,neutral,0.41390831818706336,0.85,0.01710309693148387,0.06990124012740409,2026-07-16,2026-07-17,2,5,0.02,0.025
24,1926.963,1887.47952813,46247.112,45299.50867512,-947.6033248800013,-1011.3340249571405,63.730700077139254,-0.02117590542949428,stop_and_target_same_bar_conservative_stop,0.07871063512898907,0.0029168297648429877,ECLERX,0.7932295799255371,0.03344887122511864,0.6092628836631775,0.6086956262588501,0.5134408473968506,0.40092700719833374,risk_off,0.2304525975063294,0.85,0.01710309693148387,0.06990124012740409,2026-07-17,2026-07-20,2,5,0.02,0.025
447,106.71332999999998,104.52677386829998,47700.85850999999,46723.46791913009,-977.3905908699016,-1041.6409222603431,64.25033139044153,-0.021810489034234774,stop_loss,0.07869258460737691,0.0029168297648429877,NAVKARCORP,0.7818631529808044,0.033268366008996964,0.6092628836631775,0.5277475714683533,0.413112998008728,0.3185146450996399,risk_off,0.2304525975063294,0.85,0.01710309693148387,0.06990124012740409,2026-07-17,2026-07-20,2,5,0.02,0.025
445,209.814855,205.51574862105,93367.610475,91454.50813636725,-1913.1023386327433,-1993.6759245483654,80.57358591562195,-0.02133084645027464,stop_and_target_same_bar_conservative_stop,0.11217124216383251,0.009080060601234438,BECTORFOOD,0.8063952326774597,0.0256514810025692,0.7462235689163208,0.6752136945724487,0.6000000238418579,0.46268656849861145,neutral,0.5180735314141811,0.85,0.01710309693148387,0.06990124012740409,2026-07-20,2026-07-21,1,5,0.02,0.025
184,247.21354499999998,242.14813946295,45487.292279999994,44555.257661182804,-932.0346188171898,-995.4937267589322,63.45910794174243,-0.02176637706090585,stop_loss,0.10441329853706133,0.006588325977325439,STALLION,0.7977023124694824,0.028631899505853653,0.6908516883850098,0.6513158082962036,0.5714285969734192,0.4571428596973419,neutral,0.517532275412991,0.85,0.01710309693148387,0.06990124012740409,2026-07-21,2026-07-22,2,5,0.02,0.025
368,124.01197499999999,121.47096963225,45636.4068,44701.316824668,-935.0899753319973,-998.6023831945491,63.5124078625519,-0.021834347542599136,stop_and_target_same_bar_conservative_stop,0.09302470879726184,0.002916827082633972,BEPL,0.761607825756073,0.03304985538125038,0.6092628240585327,0.5656814575195312,0.44505494832992554,0.40092700719833374,neutral,0.517532275412991,0.85,0.01710309693148387,0.06990124012740409,2026-07-21,2026-07-22,2,5,0.02,0.025
25,695.497575,681.2468296882499,17387.439374999998,17031.17074220625,-356.2686327937481,-409.68364888853836,53.41501609479024,-0.022893319143771795,stop_loss,0.09777410278902504,0.009080060601234438,CYIENTDLM,0.824722170829773,0.028733987361192703,0.7462235689163208,0.6752136945724487,0.6000000238418579,0.46268656849861145,risk_off,0.2239657312007846,0.85,0.01710309693148387,0.06990124012740409,2026-07-22,2026-07-23,5,5,0.02,0.025
4,3669.834,3594.63910134,14679.336,14378.55640536,-300.77959464000014,-353.2266185135677,52.44702387356757,-0.019738473160071175,stop_and_target_same_bar_conservative_stop,0.09755350555167647,0.00908005791902542,STYLAMIND,0.759914755821228,0.026528101414442062,0.746223509311676,0.6752136945724487,0.592783510684967,0.46268653869628906,risk_off,0.2239657312007846,0.85,0.01710309693148387,0.06990124012740409,2026-07-22,2026-07-23,5,5,0.02,0.025
23,770.4350249999999,754.6488113377499,17720.005574999996,17356.922660768247,-363.0829142317489,-416.61680374090486,53.533889509155955,-0.02328074716814872,stop_and_target_same_bar_conservative_stop,0.08949887405024023,0.006588328659534457,BLUESTONE,0.8056171536445618,0.02627084031701088,0.6908517479896545,0.6752136945724487,0.5927834510803223,0.46268653869628906,risk_off,0.2239657312007846,0.85,0.01710309693148387,0.06990124012740409,2026-07-22,2026-07-23,5,5,0.02,0.025
149,119.55975,117.10997072250001,17814.402749999997,17449.3856376525,-365.01711234749746,-418.58474345305956,53.567631105562114,-0.023390716584815185,stop_loss,0.07948145265565368,0.0029168297648429877,BEPL,0.8304660320281982,0.04440047964453697,0.6092628836631775,0.5656814575195312,0.41818177700042725,0.3185146450996399,risk_off,0.2239657312007846,0.85,0.01710309693148387,0.06990124012740409,2026-07-22,2026-07-23,5,5,0.02,0.025
43,407.20349999999996,417.17489570624997,17509.7505,17938.52051536875,428.77001536875105,375.0815453408578,53.68847002789321,0.020959736971986342,take_profit,0.0790091007469699,0.0029168297648429877,DYCL,0.8312523365020752,0.039676960557699203,0.6092628836631775,0.5277475714683533,0.413112998008728,0.3185146450996399,risk_off,0.2239657312007846,0.85,0.01710309693148387,0.06990124012740409,2026-07-22,2026-07-23,5,5,0.02,0.025
28,760.6801499999999,745.0938137264999,21299.044199999997,20862.626784341996,-436.4174156580011,-491.23060697684355,54.8131913188424,-0.022264488574558396,stop_and_target_same_bar_conservative_stop,0.0899068347896669,0.006588328659534457,BLUESTONE,0.8488488793373108,0.04123864695429802,0.6908517479896545,0.6513158082962036,0.5714285969734192,0.4571428596973419,risk_off,0.20218933271474362,0.85,0.01710309693148387,0.06990124012740409,2026-07-23,2026-07-24,4,5,0.02,0.025
32,670.3349999999999,686.7498283124999,21450.719999999998,21975.994505999995,525.2745059999979,470.1256575114527,55.148848488545255,0.02130792988386391,take_profit,0.07708789003745056,0.0029168297648429877,TIPSMUSIC,0.7507188320159912,0.03135305270552635,0.6092628836631775,0.5656814575195312,0.41818177700042725,0.3185146152973175,risk_off,0.20218933271474362,0.85,0.01710309693148387,0.06990124012740409,2026-07-23,2026-07-24,4,5,0.02,0.025
37,589.79475,577.7098555725,21822.40575,21375.264656182502,-447.1410938174995,-502.141356986687,55.0002631691875,-0.02275900635395538,stop_and_target_same_bar_conservative_stop,0.07692116914049126,0.0029168297648429877,ROUTE,0.7569200396537781,0.029685843735933304,0.6092628836631775,0.5357142686843872,0.413112998008728,0.3185146450996399,risk_off,0.20218933271474362,0.85,0.01710309693148387,0.06990124012740409,2026-07-23,2026-07-24,4,5,0.02,0.025
6,3449.7239999999997,3379.03915524,20698.343999999997,20274.23493144,-424.10906855999565,-478.707543880086,54.59847532009036,-0.02169689447257001,stop_loss,0.07463111994520163,0.0022391294240951534,STYLAMIND,0.7951325178146362,0.02862236276268959,0.5942028760910034,0.5277475714683533,0.413112998008728,0.3185146450996399,risk_off,0.20218933271474362,0.85,0.01710309693148387,0.06990124012740409,2026-07-23,2026-07-24,4,5,0.02,0.025
21,793.3965,777.139805715,16661.3265,16319.935920015,-341.39057998499993,-394.5460522155425,53.15547223054257,-0.022609648884809673,stop_and_target_same_bar_conservative_stop,0.10025826178888636,0.006588325977325439,BLUESTONE,0.7983914017677307,0.03906870260834694,0.6908516883850098,0.6086956262588501,0.5134408473968506,0.42384105920791626,neutral,0.41355793424450515,0.85,0.01710309693148387,0.06990124012740409,2026-07-24,2026-07-27,5,5,0.02,0.025
131,132.066,129.35996766,17300.646,16946.15576346,-354.4902365400012,-407.87422896242015,53.38399242241892,-0.023373426382593283,stop_loss,0.09872872345547037,0.006100000321865082,WAKEFIT,0.8220985531806946,0.03950825706124306,0.6800000071525574,0.6086956262588501,0.5134408473968506,0.40092700719833374,neutral,0.41355793424450515,0.85,0.01710309693148387,0.06990124012740409,2026-07-24,2026-07-27,5,5,0.02,0.025
56,310.05494999999996,303.70192407449997,17363.0772,17007.307748172,-355.76945182800046,-409.1757598372317,53.40630800923125,-0.023448011227447215,stop_loss,0.08010558613042193,0.00023114460706710836,DIACABS,0.7786897420883179,0.04238445684313774,0.549580991268158,0.5277475714683533,0.413112998008728,0.3185146450996399,neutral,0.41355793424450515,0.85,0.01710309693148387,0.06990124012740409,2026-07-24,2026-07-27,5,5,0.02,0.025
62,279.1395,273.419931645,17306.649,16952.035761990002,-354.6132380099989,-407.999376161919,53.38613815192009,-0.023380598002290646,stop_loss,0.07936639093260128,0.00023114460706710836,GANDHAR,0.7649685740470886,0.03499250486493111,0.549580991268158,0.5277475714683533,0.413112998008728,0.3185146450996399,neutral,0.41355793424450515,0.85,0.01710309693148387,0.06990124012740409,2026-07-24,2026-07-27,5,5,0.02,0.025
91,191.29559999999998,187.37595315599998,17407.899599999997,17051.211737195998,-356.68786280399945,-410.1101922601729,53.42232945617345,-0.023501559321188477,stop_and_target_same_bar_conservative_stop,0.07874699436525662,0.00023114460706710836,SURYODAY,0.7420493364334106,0.02879853919148445,0.549580991268158,0.5161290168762207,0.413112998008728,0.3185146152973175,neutral,0.41355793424450515,0.85,0.01710309693148387,0.06990124012740409,2026-07-24,2026-07-27,5,5,0.02,0.025
67,252.12599999999998,246.95993826,16892.442,16546.31586342,-346.1261365799983,-399.3642193963365,53.238082816338256,-0.023430819159516045,stop_loss,0.12306584927812755,0.009080060601234438,GANDHAR,0.8667770624160767,0.039892878383398056,0.7462235689163208,0.6513158679008484,0.5714285969734192,0.42384105920791626,risk_on,0.7074828789384244,0.85,0.01710309693148387,0.06990124012740409,2026-07-27,2026-07-28,5,5,0.02,0.025
20,826.413,809.47979763,16528.260000000002,16189.5959526,-338.66404740000144,-391.77195595993436,53.107908559932945,-0.022985378774649717,stop_loss,0.10295789200440586,0.0029168297648429877,BLUESTONE,0.7617378234863281,0.03740629926323891,0.6092628836631775,0.5277475714683533,0.413112998008728,0.3185146450996399,risk_on,0.7074828789384244,0.85,0.01710309693148387,0.06990124012740409,2026-07-27,2026-07-28,5,5,0.02,0.025
84,202.38114,198.2343504414,17000.01576,16651.6854370776,-348.3303229223966,-401.6068572113961,53.276534288999514,-0.023562395396276515,stop_and_target_same_bar_conservative_stop,0.10193972590938746,0.0029168324470520033,RATNAVEER,0.7673381567001343,0.027224551886320114,0.6092629432678223,0.5656814575195312,0.44092220067977905,0.3529411852359772,risk_on,0.7074828789384244,0.85,0.01710309693148387,0.06990124012740409,2026-07-27,2026-07-28,5,5,0.02,0.025
18,900.4499999999999,881.9997794999999,16208.099999999999,15875.996030999999,-332.1039689999998,-385.0974386532028,52.99346965320301,-0.02259378283190983,stop_loss,0.10187157127634228,0.0029168297648429877,TMB,0.7532473802566528,0.026543091982603073,0.6092628836631775,0.5656814575195312,0.44474393129348755,0.40092700719833374,risk_on,0.7074828789384244,0.85,0.01710309693148387,0.06990124012740409,2026-07-27,2026-07-28,5,5,0.02,0.025
429,39.63981,40.610489847375,17005.478489999998,17421.900144523875,416.4216545238778,362.92004917020085,53.501605353676965,0.021292628704502443,take_profit,0.09405150625482737,0.00023114460706710836,FCL,0.6902490854263306,0.03488118574023247,0.549580991268158,0.5161290168762207,0.413112998008728,0.3142857253551483,risk_on,0.7074828789384244,0.85,0.01710309693148387,0.06990124012740409,2026-07-27,2026-07-28,5,5,0.02,0.025
100,279.089475,273.37093165724997,27908.9475,27337.093165724997,-571.8543342750017,-629.0301883476004,57.17585407259863,-0.02246347261199887,stop_and_target_same_bar_conservative_stop,0.0824448845001784,0.004600945889949801,SKMEGGPROD,0.8557630777359009,0.02728082612156868,0.6466876864433289,0.5656814575195312,0.44474393129348755,0.3529411852359772,risk_off,0.20894174707477642,0.85,0.01710309693148387,0.06990124012740409,2026-07-28,2026-07-29,3,5,0.02,0.025
35,780.39,764.3998089,27313.649999999998,26753.993311500002,-559.6566884999957,-616.6197577303933,56.963069230397664,-0.022020280260603025,stop_and_target_same_bar_conservative_stop,0.07864874633279709,0.0029168297648429877,BLUESTONE,0.8355634808540344,0.043585408478975296,0.6092628836631775,0.5277475714683533,0.413112998008728,0.3185146450996399,risk_off,0.20894174707477642,0.85,0.01710309693148387,0.06990124012740409,2026-07-28,2026-07-29,3,5,0.02,0.025
117,237.728805,232.85774178555,27814.270184999998,27244.35578890935,-569.9143960906476,-627.0564084327967,57.142012342149094,-0.02239298640659945,stop_loss,0.07703863414255051,0.0029168297648429877,GANDHAR,0.8159098029136658,0.027484286576509476,0.6092628836631775,0.5277475714683533,0.413112998008728,0.3185146450996399,risk_off,0.20894174707477642,0.85,0.01710309693148387,0.06990124012740409,2026-07-28,2026-07-29,3,5,0.02,0.025
61,268.13399999999996,262.63993433999997,16356.173999999997,16021.035994739997,-335.1380052599998,-388.1844029075654,53.04639764756561,-0.02363105863327729,stop_loss,0.11531741852898966,0.006588328659534457,SKMEGGPROD,0.7958171367645264,0.02750692144036293,0.6908517479896545,0.6086956262588501,0.5134408473968506,0.40092700719833374,risk_on,0.7378644585290689,0.85,0.01710309693148387,0.06990124012740409,2026-07-29,2026-07-30,5,5,0.02,0.025
88,185.0925,184.64763000000002,16288.14,16248.991440000002,-39.148559999997815,-92.25657581236021,53.1080158123624,-0.005616198219191219,close_proxy,0.10439560393829712,0.0029168297648429877,RATNAVEER,0.7296404838562012,0.03659262880682945,0.6092628836631775,0.5277475714683533,0.41311296820640564,0.3185146450996399,risk_on,0.7378644585290689,0.85,0.01710309693148387,0.06990124012740409,2026-07-29,2026-07-30,5,5,0.02,0.025
30,545.2724999999999,558.6248603437499,16358.174999999997,16758.745810312495,400.570810312498,347.30907184292175,53.261738469576265,0.02114273777904343,take_profit,0.10379920254488359,0.0029168324470520033,DEEPINDS,0.7189494967460632,0.03062852844595909,0.6092629432678223,0.5656814575195312,0.44092220067977905,0.3529411852359772,risk_on,0.7378644585290689,0.85,0.01710309693148387,0.06990124012740409,2026-07-29,2026-07-30,5,5,0.02,0.025
3,5026.512,5149.598712599999,15079.536,15448.796137799996,369.2601377999963,316.47221595207867,52.78792184791764,0.01926551771516581,take_profit,0.10348287354250321,0.0029168297648429877,SMLMAH,0.7613323926925659,0.027465324848890305,0.6092628836631775,0.5656814575195312,0.44505494832992554,0.40092700719833374,risk_on,0.7378644585290689,0.85,0.01710309693148387,0.06990124012740409,2026-07-29,2026-07-30,5,5,0.02,0.025
1435,11.425709999999999,11.1915972021,16395.893849999997,16059.9419850135,-335.95186498649673,-389.0124602109285,53.060595224431786,-0.023681467332186675,stop_loss,0.1034513099028624,0.0029168297648429877,HARDWYN,0.7306783199310303,0.027149688452482224,0.6092628836631775,0.5277475714683533,0.413112998008728,0.3185146450996399,risk_on,0.7378644585290689,0.85,0.01710309693148387,0.06990124012740409,2026-07-29,2026-07-30,5,5,0.02,0.025
17,941.7206249999999,922.42476939375,16009.250624999999,15681.22107969375,-328.0295453062481,-380.9519376697243,52.92239236347622,-0.023248993765352294,stop_loss,0.10245434586749082,0.0029168297648429877,63MOONS,0.7815953493118286,0.026705924421548843,0.6092628836631775,0.5656814575195312,0.5134408473968506,0.40092700719833374,risk_on,0.7188127058835039,0.85,0.01710309693148387,0.06990124012740409,2026-07-31,2026-08-03,5,5,0.02,0.025
297,54.997485,53.870586532349996,16334.253045,15999.564200107949,-334.68884489205084,-387.7274070507213,53.038562158670445,-0.02366249171567038,stop_loss,0.09470742245063787,0.00023114460706710836,ASIANTILES,0.7936016917228699,0.03577543422579765,0.549580991268158,0.5161290168762207,0.3564356863498688,0.2559775114059448,risk_on,0.7188127058835039,0.85,0.01710309693148387,0.06990124012740409,2026-07-31,2026-08-03,5,5,0.02,0.025
26,613.3064999999999,628.3248429187499,15945.968999999997,16336.445915887498,390.4769158875006,337.36792581238706,53.108990075113546,0.02058911906793373,take_profit,0.09429362793312078,0.00023114192485809443,DEEPINDS,0.7522597312927246,0.03163757547736168,0.5495809316635132,0.5277475714683533,0.413112998008728,0.3185146450996399,risk_on,0.7188127058835039,0.85,0.01710309693148387,0.06990124012740409,2026-07-31,2026-08-03,5,5,0.02,0.025
48,336.11797499999994,344.34866391281247,16133.662799999998,16528.735867814998,395.0730678149994,341.8945253156111,53.178542499388314,0.020865371458911045,take_profit,0.09411984805808071,0.00023114460706710836,QUESS,0.7305121421813965,0.02989969030022621,0.549580991268158,0.5161290168762207,0.4131130278110504,0.3185146450996399,risk_on,0.7188127058835039,0.85,0.01710309693148387,0.06990124012740409,2026-07-31,2026-08-03,5,5,0.02,0.025
2,5692.844999999999,5576.19860595,11385.689999999999,11152.3972119,-233.2927880999996,-284.56252172058294,51.269733620583345,-0.0173664749779288,stop_loss,0.09410334353194241,0.00023114460706710836,SMLMAH,0.7661042809486389,0.029734645038843155,0.549580991268158,0.5277475118637085,0.413112998008728,0.3529411852359772,risk_on,0.7188127058835039,0.85,0.01710309693148387,0.06990124012740409,2026-07-31,2026-08-03,5,5,0.02,0.025
6,2441.22,2391.1994022,14647.32,14347.1964132,-300.12358680000034,-352.5591667828949,52.43557998289457,-0.021614885785742662,stop_loss,0.15884814085057497,0.018769229531288147,VINDHYATEL,0.8809478282928467,0.04553475230932236,0.9615384340286255,0.923076868057251,0.7777777910232544,0.6451612710952759,risk_on,0.7874318537098404,0.6724137931034483,0.014363049968607327,0.2573901079921625,2026-08-03,2026-08-04,5,5,0.02,0.025
119,136.6683,136.5317,16263.527699999999,16247.2723,-16.25539999999819,-69.36114937399819,53.105749374,-0.004252430408680966,close_proxy,0.11561742426446198,0.005734375000000001,INDOTHAI,0.7721354961395264,0.033239565789699554,0.671875,0.5831987261772156,0.45470696687698364,0.38993707299232483,risk_on,0.7874318537098404,0.6724137931034483,0.014363049968607327,0.2573901079921625,2026-08-03,2026-08-04,5,5,0.02,0.025
109,148.544235,145.50056362485,16191.321614999999,15859.56143510865,-331.76017989134925,-384.74765223059643,52.98747233924719,-0.023588314651362113,stop_loss,0.1075378000884366,0.0031923114061355607,URBANCO,0.8111782670021057,0.03435426205396652,0.6153846979141235,0.5652173757553101,0.4275093078613281,0.306772917509079,risk_on,0.7874318537098404,0.6724137931034483,0.014363049968607327,0.2573901079921625,2026-08-03,2026-08-04,5,5,0.02,0.025
78,207.893895,212.9846967538125,16215.72381,16612.806346797373,397.0825367973739,343.8735855035345,53.20895129383937,0.021082385527561122,take_profit,0.10744123907378435,0.0030598102807998673,RATNAVEER,0.7684164643287659,0.03765813261270523,0.6124402284622192,0.5703703761100769,0.4275093078613281,0.3224637806415558,risk_on,0.7874318537098404,0.6724137931034483,0.014363049968607327,0.2573901079921625,2026-08-03,2026-08-04,5,5,0.02,0.025
15,1060.53,1038.7997403,15907.949999999999,15581.996104499998,-325.9538955000007,-378.84007867814444,52.886183178143696,-0.02322612997531948,stop_loss,0.10110508950045823,0.0011249988079071052,ROSSTECH,0.798965334892273,0.03664056211709976,0.5694444179534912,0.5652173757553101,0.4275093078613281,0.3224637806415558,risk_on,0.7874318537098404,0.6724137931034483,0.014363049968607327,0.2573901079921625,2026-08-03,2026-08-04,5,5,0.02,0.025
4,4362.079949999999,4272.7009318245,17448.319799999997,17090.803727298,-357.5160727019975,-410.9528500701456,53.4367773681481,-0.02036610924132614,stop_loss,0.09978782463758393,0.004465518474578858,YASHO,0.8451701402664185,0.045142605900764465,0.6436781883239746,0.5831987261772156,0.45470690727233887,0.3899371027946472,neutral,0.528804534810623,0.6724137931034483,0.014363049968607327,0.2573901079921625,2026-08-04,2026-08-05,4,5,0.02,0.025
40,498.14894999999996,487.9418780145,19925.958,19517.67512058,-408.2828794199995,-462.6052708776039,54.32239145760439,-0.02292591347328142,stop_and_target_same_bar_conservative_stop,0.09948607537835044,0.004465518474578858,MANYAVAR,0.8049430847167969,0.04212511330842972,0.6436781883239746,0.5831987261772156,0.45470693707466125,0.3464052379131317,neutral,0.528804534810623,0.6724137931034483,0.014363049968607327,0.2573901079921625,2026-08-04,2026-08-05,4,5,0.02,0.025
275,73.27662,75.07098123224999,20151.070499999998,20644.519838868746,493.4493388687479,438.7820927209965,54.6672461477514,0.021745278155311916,take_profit,0.09924469221322937,0.004465518474578858,MOREPENLAB,0.8070119023323059,0.03971128165721893,0.6436781883239746,0.5831987261772156,0.45470696687698364,0.3899371027946472,neutral,0.528804534810623,0.6724137931034483,0.014363049968607327,0.2573901079921625,2026-08-04,2026-08-05,4,5,0.02,0.025
227,88.634295,86.81817829545,20119.984965,19707.72647306715,-412.25849193285103,-466.6502369441496,54.39174501129857,-0.023126374963631628,stop_and_target_same_bar_conservative_stop,0.09921435940950317,0.004465518474578858,RBA,0.853556752204895,0.03940795361995697,0.6436781883239746,0.5831987261772156,0.45470693707466125,0.3464052379131317,neutral,0.528804534810623,0.6724137931034483,0.014363049968607327,0.2573901079921625,2026-08-04,2026-08-05,4,5,0.02,0.025
35,752.47605,737.0578157355,26336.66175,25797.0235507425,-539.6381992575007,-596.2520510115803,56.6138517540796,-0.022412217689454398,stop_loss,0.11328538404624655,0.005734375000000001,OMNI,0.8429622054100037,0.04451700299978256,0.671875,0.6521738767623901,0.5714285969734192,0.47727271914482117,risk_on,0.718236174925366,0.6724137931034483,0.014363049968607327,0.2573901079921625,2026-08-05,2026-08-06,3,5,0.02,0.025
41,637.8687749999999,653.4885866278124,26152.619774999996,26793.03205174031,640.4122767403132,583.5210769964349,56.89119974387841,0.021933679526705697,take_profit,0.10935611070912078,0.004465518474578858,ASKAUTOLTD,0.8259102702140808,0.0461096465587616,0.6436781883239746,0.5831987261772156,0.45470693707466125,0.3899371027946472,risk_on,0.718236174925366,0.6724137931034483,0.014363049968607327,0.2573901079921625,2026-08-05,2026-08-06,3,5,0.02,0.025
66,401.150475,392.93090176725,26475.93135,25933.4395166385,-542.4918333614987,-599.1554660400059,56.66363267850712,-0.02252135269293071,stop_loss,0.10852654890935616,0.004465518474578858,CELLO,0.797971785068512,0.037814028561115265,0.6436781883239746,0.5831987261772156,0.45470690727233887,0.3224637806415558,risk_on,0.718236174925366,0.6724137931034483,0.014363049968607327,0.2573901079921625,2026-08-05,2026-08-06,3,5,0.02,0.025
80,980.4899999999999,960.3997598999999,78439.2,76831.98079199999,-1607.2192080000095,-1682.456740148844,75.2375321488343,-0.021243203130524815,stop_loss,0.10284876017315388,0.004465518474578858,GMMPFAUDLR,0.8049428462982178,0.04226700961589813,0.6436781883239746,0.5831987261772156,0.45470696687698364,0.3464052379131317,neutral,0.5957744380917549,0.6724137931034483,0.014363049968607327,0.2573901079921625,2026-08-06,2026-08-07,1,5,0.02,0.025
20,928.4639999999999,951.1997621999999,18569.28,19023.995243999998,454.7152439999991,400.63415127857184,54.08109272142724,0.020673274110196538,take_profit,0.10419543313207702,0.005734375000000001,SBCL,0.850846529006958,0.04076485335826874,0.671875,0.6521739363670349,0.5714285969734192,0.4285714328289032,neutral,0.5439414559250029,0.6724137931034483,0.014363049968607327,0.2573901079921625,2026-08-07,2026-08-10,4,5,0.02,0.025
112,172.08599999999998,176.29995592499998,19273.631999999998,19745.595063599998,471.96306360000017,417.6209639132774,54.342099686722754,0.02154981704278253,take_profit,0.1002378557843216,0.004465518474578858,EMIL,0.8081297874450684,0.04207445681095123,0.6436781883239746,0.5831987261772156,0.45470690727233887,0.3464052379131317,neutral,0.5439414559250029,0.6724137931034483,0.014363049968607327,0.2573901079921625,2026-08-07,2026-08-10,4,5,0.02,0.025
33,583.2914999999999,571.3398571649999,19248.619499999997,18854.215286444996,-394.40421355500075,-448.48449520055465,54.08028164555387,-0.023142417774083778,stop_loss,0.0994947333854683,0.004465518474578858,OMNI,0.8305250406265259,0.03464323282241821,0.6436781883239746,0.5703703761100769,0.4275093078613281,0.3137255012989044,neutral,0.5439414559250029,0.6724137931034483,0.014363049968607327,0.2573901079921625,2026-08-07,2026-08-10,4,5,0.02,0.025
87,221.900895,217.35414566145,19305.377865,18909.810672546148,-395.567192453851,-449.6677619718386,54.10056951798759,-0.02320347596952262,stop_loss,0.09538955124440271,0.0030598075985908526,SAPPHIRE,0.7863205671310425,0.03888653963804245,0.6124401688575745,0.5703704357147217,0.44736841320991516,0.3224637806415558,neutral,0.5439414559250029,0.6724137931034483,0.014363049968607327,0.2573901079921625,2026-08-07,2026-08-10,4,5,0.02,0.025
4,3265.6319999999996,3198.71920032,13062.527999999998,12794.87680128,-267.65119871999923,-319.52030611458065,51.86910739458139,-0.02063087420440612,stop_and_target_same_bar_conservative_stop,0.10257324013102141,0.005734375000000001,KPL,0.8209548592567444,0.04337076097726822,0.671875,0.9230769276618958,0.75,0.6451612710952759,neutral,0.5062857806658919,0.6724137931034483,0.014363049968607327,0.2573901079921625,2026-08-10,2026-08-11,5,5,0.02,0.025
9,1715.8574999999998,1680.6995798249998,15442.717499999999,15126.296218424997,-316.42128157500156,-369.1411707168033,52.71988914180175,-0.02383480771326804,stop_and_target_same_bar_conservative_stop,0.1025426562427291,0.005734375000000001,UNIVCABLES,0.8515793681144714,0.04306492209434509,0.671875,0.5831987261772156,0.5714285969734192,0.3899371027946472,neutral,0.5062857806658919,0.6724137931034483,0.014363049968607327,0.2573901079921625,2026-08-10,2026-08-11,5,5,0.02,0.025
18,849.32445,831.9217920195,15287.8401,14974.592256351,-313.24784364900006,-365.9123729696712,52.66452932067115,-0.023626329820383624,stop_and_target_same_bar_conservative_stop,0.10222961190331069,0.005734375000000001,AARTIPHARM,0.8544634580612183,0.03993447870016098,0.671875,0.5831987261772156,0.45470696687698364,0.3899371027946472,neutral,0.5062857806658919,0.6724137931034483,0.014363049968607327,0.2573901079921625,2026-08-10,2026-08-11,5,5,0.02,0.025
14,1070.5349999999999,1048.59973785,14987.489999999998,14680.396329900002,-307.0936700999955,-359.65084142129064,52.55717132129513,-0.023222033544906113,stop_loss,0.09861710372555343,0.004465518474578858,SBCL,0.8660922050476074,0.044694773852825165,0.6436781883239746,0.5831987857818604,0.5714285969734192,0.4444444477558136,neutral,0.5062857806658919,0.6724137931034483,0.014363049968607327,0.2573901079921625,2026-08-10,2026-08-11,5,5,0.02,0.025
2,5207.6025,5100.898724775,10415.205,10201.79744955,-213.4075504499997,-264.33039113455794,50.92284068455823,-0.017067356733011338,stop_and_target_same_bar_conservative_stop,0.0936474149225959,0.003077625513076783,SMLMAH,0.7499642372131348,0.039718881249427795,0.6128361225128174,0.5652173757553101,0.35753175616264343,0.2460496425628662,neutral,0.5062857806658919,0.6724137931034483,0.014363049968607327,0.2573901079921625,2026-08-10,2026-08-11,5,5,0.02,0.025
9,2086.0425,2043.2994891750002,18774.3825,18389.695402575002,-384.6870974249978,-438.5978664399579,53.91076901496015,-0.02315757535429861,stop_loss,0.09602004993230906,0.005734375000000001,LUMAXTECH,0.8523123264312744,0.04476696252822876,0.671875,0.5831987261772156,0.5714285969734192,0.4285714328289032,risk_off,0.37242957358972384,0.6724137931034483,0.014363049968607327,0.2573901079921625,2026-08-11,2026-08-12,4,5,0.02,0.025
106,177.298605,173.66575658355,18793.652130000002,18408.5701978563,-385.0819321437011,-438.9995889503601,53.91765680665897,-0.023178785943811203,stop_loss,0.09170988875896541,0.004465518474578858,ROLEXRINGS,0.817817747592926,0.04255072772502899,0.6436781883239746,0.5831987261772156,0.45470693707466125,0.3899371027946472,risk_off,0.37242957358972384,0.6724137931034483,0.014363049968607327,0.2573901079921625,2026-08-11,2026-08-12,4,5,0.02,0.025
62,303.05145,296.8419257895,18789.189899999998,18404.199398949,-384.9905010509974,-438.9065628653938,53.916061814396414,-0.02317387424966639,stop_and_target_same_bar_conservative_stop,0.09170150238544553,0.004465518474578858,INDSWFTLAB,0.8475486040115356,0.04246686398983002,0.6436781883239746,0.5831987261772156,0.5,0.3899371027946472,risk_off,0.37242957358972384,0.6724137931034483,0.014363049968607327,0.2573901079921625,2026-08-11,2026-08-12,4,5,0.02,0.025
15,1240.62,1270.99968225,18609.3,19064.99523375,455.6952337500006,401.5993110873634,54.09592266263721,0.021204084698877954,take_profit,0.08040848779947368,0.0011249988079071052,FINCABLES,0.8031798601150513,0.03717568516731262,0.5694444179534912,0.5652173757553101,0.4275093376636505,0.3224637806415558,risk_off,0.37242957358972384,0.6724137931034483,0.014363049968607327,0.2573901079921625,2026-08-11,2026-08-12,4,5,0.02,0.025
45,328.56419999999997,336.60991584749996,14785.389,15147.446213137498,362.0572131374993,309.37829135747495,52.678921780024346,0.020668222163175595,take_profit,0.089300479473434,0.004465518474578858,HLEGLAS,0.7964991331100464,0.03962061554193497,0.6436781883239746,0.5703703761100769,0.4275093078613281,0.3137255012989044,risk_off,0.33010161224528334,0.6724137931034483,0.014363049968607327,0.2573901079921625,2026-08-12,2026-08-13,5,5,0.02,0.025
202,73.786875,75.59373110156248,14904.94875,15269.933682515622,364.98493251562286,312.26170628623373,52.72322622938914,0.020860850611909718,take_profit,0.0892918260711055,0.004465521156787875,MOREPENLAB,0.7612650394439697,0.03953399509191513,0.6436782479286194,0.5652173757553101,0.3575317859649658,0.2460496425628662,risk_off,0.33010161224528334,0.6724137931034483,0.014363049968607327,0.2573901079921625,2026-08-12,2026-08-13,5,5,0.02,0.025
62,237.86887499999997,243.69368907656246,14747.870249999998,15109.008722746872,361.13847274687396,308.473454036734,52.66501871013998,0.020607773905204584,take_profit,0.08905038881476929,0.004465518474578858,TBZ,0.7668081521987915,0.03711970895528793,0.6436781883239746,0.5831987261772156,0.45470690727233887,0.3224637806415558,risk_off,0.33010161224528334,0.6724137931034483,0.014363049968607327,0.2573901079921625,2026-08-12,2026-08-13,5,5,0.02,0.025
9,1495.7475,1465.0996337249999,13461.727499999999,13185.896703524999,-275.83079647500017,-327.84259488141043,52.01179840641028,-0.021901742219306655,stop_loss,0.08493169951613952,0.0030598075985908526,TDPOWERSYS,0.8317983150482178,0.04122794419527054,0.6124401688575745,0.5703703165054321,0.45470693707466125,0.3224637806415558,risk_off,0.33010161224528334,0.6724137931034483,0.014363049968607327,0.2573901079921625,2026-08-12,2026-08-13,5,5,0.02,0.025
116,128.274105,131.41521714618747,14879.79618,15244.165188957746,364.3690089577467,311.65510334640805,52.71390561133866,0.02082032609976589,take_profit,0.0779077023583274,0.0011249988079071052,RICOAUTO,0.7484514713287354,0.03333181142807007,0.5694444179534912,0.4476843774318695,0.3575317859649658,0.2460496425628662,risk_off,0.33010161224528334,0.6724137931034483,0.014363049968607327,0.2573901079921625,2026-08-12,2026-08-13,5,5,0.02,0.025
1810,20.910449999999997,21.422494644374996,37847.91449999999,38774.71530631874,926.8008063187517,865.5757601679504,61.225046150801234,0.02285110848633766,take_profit,0.09887507405413229,0.005734375000000001,RHETAN,0.8380641341209412,0.03495671600103378,0.671875,0.5831987261772156,0.45470693707466125,0.3899371027946472,neutral,0.4491505490805782,0.6724137931034483,0.014363049968607327,0.2573901079921625,2026-08-13,2026-08-14,2,5,0.02,0.025
1132,33.4167,32.731991817,37827.704399999995,37052.614736844,-775.0896631559954,-835.8109060834041,60.72124292740876,-0.02206531948777097,stop_and_target_same_bar_conservative_stop,0.09523967024220069,0.004465518474578858,VPRPL,0.789226770401001,0.0394880548119545,0.6436781883239746,0.5831987261772156,0.45470693707466125,0.3464052379131317,neutral,0.4491505490805782,0.6724137931034483,0.014363049968607327,0.2573901079921625,2026-08-13,2026-08-14,2,5,0.02,0.025
872,17.338665,16.983395754150003,15119.315879999998,14809.521097618803,-309.79478238119555,-362.39907392233675,52.60429154114119,-0.023908849364543606,stop_loss,0.0879752920327274,0.004465518474578858,MOTISONS,0.8186327815055847,0.04017758369445801,0.6436781883239746,0.5831987261772156,0.45470690727233887,0.3464052081108093,risk_off,0.3024839271261053,0.6724137931034483,0.014363049968607327,0.2573901079921625,2026-08-14,2026-08-17,5,5,0.02,0.025
85,177.03847499999998,173.41095664724998,15048.270374999998,14739.931315016247,-308.3390599837512,-360.91795681624586,52.578896832494635,-0.023811134418979578,stop_and_target_same_bar_conservative_stop,0.0877031737325279,0.004465518474578858,GENESYS,0.7985697388648987,0.03745640069246292,0.6436781883239746,0.5831986665725708,0.45470693707466125,0.3464052379131317,risk_off,0.3024839271261053,0.6724137931034483,0.014363049968607327,0.2573901079921625,2026-08-14,2026-08-17,5,5,0.02,0.025
35,426.51315,417.7738955565,14927.96025,14622.0863444775,-305.8739055224996,-358.40979835957467,52.53589283707504,-0.023645661637623053,stop_loss,0.08755181593275944,0.004465518474578858,APEX,0.8614657521247864,0.03594282269477844,0.6436781883239746,0.5831987261772156,0.45470690727233887,0.3224637806415558,risk_off,0.3024839271261053,0.6724137931034483,0.014363049968607327,0.2573901079921625,2026-08-14,2026-08-17,5,5,0.02,0.025
465,32.51625,31.849992037499998,15120.05625,14810.2462974375,-309.80995256250026,-362.4145087436132,52.60455618111298,-0.02390986765858303,stop_and_target_same_bar_conservative_stop,0.08749910307503621,0.004465518474578858,VPRPL,0.7695733308792114,0.03541569411754608,0.6436781883239746,0.5831987261772156,0.45470693707466125,0.3224637806415558,risk_off,0.3024839271261053,0.6724137931034483,0.014363049968607327,0.2573901079921625,2026-08-14,2026-08-17,5,5,0.02,0.025
7,2002.0004999999999,1960.979509755,14014.003499999999,13726.856568285,-287.1469317149986,-339.35613723551796,52.20920552051942,-0.022388618928524524,stop_loss,0.0872773656008331,0.004465518474578858,KERNEX,0.7823671698570251,0.033198319375514984,0.6436781883239746,0.5703703761100769,0.44736841320991516,0.3137255012989044,risk_off,0.3024839271261053,0.6724137931034483,0.014363049968607327,0.2573901079921625,2026-08-14,2026-08-17,5,5,0.02,0.025
13,1820.9099999999999,1783.5995541,23671.829999999998,23186.7942033,-485.0357966999982,-540.6971233663428,55.66132666634465,-0.02191892537386832,stop_and_target_same_bar_conservative_stop,0.1371922669580599,0.018769229531288147,KERNEX,0.8569516539573669,0.03875163942575455,0.9615384340286255,0.9230769276618958,0.5714285969734192,0.4772726893424988,risk_off,0.3678806016266745,0.6724137931034483,0.014363049968607327,0.2573901079921625,2026-08-17,2026-08-18,3,5,0.02,0.025
12,1953.9765,1913.939521515,23447.718,22967.27425818,-480.44374181999956,-536.0249612516333,55.581219431633684,-0.021729524009774976,stop_loss,0.0914954652658125,0.004465518474578858,MANORAMA,0.8195747137069702,0.042680978775024414,0.6436781883239746,0.5831987261772156,0.45470696687698364,0.3899371027946472,risk_off,0.3678806016266745,0.6724137931034483,0.014363049968607327,0.2573901079921625,2026-08-17,2026-08-18,3,5,0.02,0.025
90,273.1365,267.539933115,24582.285,24078.59398035,-503.69101964999936,-559.6777819573573,55.98676230735791,-0.02268836841549782,stop_and_target_same_bar_conservative_stop,0.08001784466415844,0.0011249988079071052,CUPID,0.7934249043464661,0.035543739795684814,0.5694444179534912,0.5652173757553101,0.36000001430511475,0.306772917509079,risk_off,0.3678806016266745,0.6724137931034483,0.014363049968607327,0.2573901079921625,2026-08-17,2026-08-18,3,5,0.02,0.025
3816,9.474735,9.28059767985,36155.588760000006,35414.7607463076,-740.8280136924077,-800.9515708196927,60.12355712728499,-0.022135595075104333,stop_and_target_same_bar_conservative_stop,0.08884004922090889,0.004465518474578858,HARDWYN,0.8137924075126648,0.0365418866276741,0.6436781883239746,0.5831986665725708,0.45470690727233887,0.3224637508392334,risk_off,0.3270504650233029,0.6724137931034483,0.014363049968607327,0.2573901079921625,2026-08-18,2026-08-19,2,5,0.02,0.025
83,434.217,425.31989367,36040.011,35301.55117461,-738.4598253899967,-798.5420700719521,60.08224468195549,-0.022069004615920186,stop_and_target_same_bar_conservative_stop,0.07832905055462241,0.0011249988079071052,ICIL,0.8068966865539551,0.039070867002010345,0.5694444179534912,0.5703703761100769,0.45470693707466125,0.3224637806415558,risk_off,0.3270504650233029,0.6724137931034483,0.014363049968607327,0.2573901079921625,2026-08-18,2026-08-19,2,5,0.02,0.025
18,747.723675,732.40281689925,13459.02615,13183.2507041865,-275.7754458135005,-327.78627864163525,52.01083282813474,-0.023159133057234653,stop_loss,0.10910459761550448,0.005734375000000001,BALRAMCHIN,0.8395082354545593,0.04616864025592804,0.671875,0.6521739363670349,0.5714285969734192,0.47727274894714355,neutral,0.6313171717982337,0.6724137931034483,0.014363049968607327,0.2573901079921625,2026-08-20,2026-08-21,5,5,0.02,0.025
22,626.21295,613.3818466545,13776.6849,13494.400626399,-282.2842736010007,-334.40865128190654,52.12437768090585,-0.023627024543620846,stop_loss,0.10498334144284749,0.004465518474578858,SOLARA,0.8412031531333923,0.04584145545959473,0.6436781883239746,0.5831986665725708,0.45470693707466125,0.3899371027946472,neutral,0.6313171717982337,0.6724137931034483,0.014363049968607327,0.2573901079921625,2026-08-20,2026-08-21,5,5,0.02,0.025
606,23.31165,22.8339942915,14126.8599,13837.400540649001,-289.45935935099806,-341.7089045861398,52.24954523514172,-0.024142810434125108,stop_loss,0.10492089812686467,0.004465518474578858,BAJAJHIND,0.8640695810317993,0.04521702229976654,0.6436781883239746,0.5831987261772156,0.45470693707466125,0.4285714328289032,neutral,0.6313171717982337,0.6724137931034483,0.014363049968607327,0.2573901079921625,2026-08-20,2026-08-21,5,5,0.02,0.025
323,43.671825,44.7412388146875,14105.999474999999,14451.420137144061,345.4206621440626,292.99349715350405,52.42716499055854,0.020700913453735446,take_profit,0.1046544370525124,0.004465518474578858,KWIL,0.8073946833610535,0.042552411556243896,0.6436781883239746,0.5831987261772156,0.45470693707466125,0.3464052677154541,neutral,0.6313171717982337,0.6724137931034483,0.014363049968607327,0.2573901079921625,2026-08-20,2026-08-21,5,5,0.02,0.025
28,494.29702499999996,484.16887895775,13840.3167,13556.728610817,-283.5880891830002,-335.7352115966186,52.14712241361843,-0.02372075020829533,stop_and_target_same_bar_conservative_stop,0.09989421878983995,0.003059804916381836,INDOBORAX,0.8116417527198792,0.04024544358253479,0.6124401092529297,0.5831987857818604,0.45470693707466125,0.3224637806415558,neutral,0.6313171717982337,0.6724137931034483,0.014363049968607327,0.2573901079921625,2026-08-20,2026-08-21,5,5,0.02,0.025
42,410.255025,401.84889953775,17230.711049999998,16877.6537805855,-353.05726941449757,-406.41626408822765,53.358994673730095,-0.023316517074023164,stop_and_target_same_bar_conservative_stop,0.10279251653862577,0.005734375000000001,QUADFUTURE,0.8451797962188721,0.04446125775575638,0.671875,0.6521739363670349,0.5714285969734192,0.47727271914482117,neutral,0.5084903152610025,0.6724137931034483,0.014363049968607327,0.2573901079921625,2026-08-21,2026-08-24,4,5,0.02,0.025
112,155.0775,151.89996202499998,17368.68,17012.7957468,-355.8842532000017,-409.2925638901007,53.40831069009903,-0.023481533337805914,stop_and_target_same_bar_conservative_stop,0.09834728721690757,0.004465521156787875,MAWANASUG,0.8101552128791809,0.04089425504207611,0.6436782479286194,0.5831987261772156,0.45470693707466125,0.3224637806415558,neutral,0.5084903152610025,0.6724137931034483,0.014363049968607327,0.2573901079921625,2026-08-21,2026-08-24,4,5,0.02,0.025
728,23.901944999999998,23.412194146949997,17400.61596,17044.077338979598,-356.5386210204015,-409.95834699144683,53.419725971045345,-0.023519729995818507,stop_loss,0.09731879733664375,0.004465521156787875,RHETAN,0.7980077266693115,0.030609356239438057,0.6436782479286194,0.5703703761100769,0.45470696687698364,0.3464052379131317,neutral,0.5084903152610025,0.6724137931034483,0.014363049968607327,0.2573901079921625,2026-08-21,2026-08-24,4,5,0.02,0.025
7,2291.145,2347.2494131875,16038.015,16430.7458923125,392.73089231250196,339.58779337260546,53.14309893989648,0.019482499304169853,take_profit,0.09403890494418722,0.003192308723926546,WELCORP,0.8132309913635254,0.03883616626262665,0.6153846383094788,0.5703703761100769,0.42750927805900574,0.3137255012989044,neutral,0.5084903152610025,0.6724137931034483,0.014363049968607327,0.2573901079921625,2026-08-21,2026-08-24,4,5,0.02,0.025
101,225.302595,220.68614482844998,22755.562095,22289.30062767345,-466.2614673265525,-521.5952805704836,55.33381324393107,-0.022732241328716363,stop_and_target_same_bar_conservative_stop,0.09465178367032304,0.004465518474578858,RAMBHAJO,0.818252682685852,0.03998453915119171,0.6436781883239746,0.5831987261772156,0.45470690727233887,0.3464052379131317,neutral,0.4363998489645506,0.6724137931034483,0.014363049968607327,0.2573901079921625,2026-08-24,2026-08-25,3,5,0.02,0.025
36,623.061375,610.2948474262499,22430.2095,21970.614507345,-459.594992655002,-514.8125109361846,55.21751828118262,-0.022436633676677534,stop_loss,0.09026306446923509,0.0030598075985908526,BALUFORGE,0.8040932416915894,0.04139247536659241,0.6124401688575745,0.5703703761100769,0.4275093078613281,0.3137255311012268,neutral,0.4363998489645506,0.6724137931034483,0.014363049968607327,0.2573901079921625,2026-08-24,2026-08-25,3,5,0.02,0.025
53,432.4161,423.555894111,22918.0533,22448.462387883,-469.5909121170007,-524.982806682313,55.39189456531234,-0.022879876984079676,stop_loss,0.09015629243387474,0.0030598075985908526,QUADFUTURE,0.8386082053184509,0.040324755012989044,0.6124401688575745,0.5831987261772156,0.45470696687698364,0.3464052677154541,neutral,0.4363998489645506,0.6724137931034483,0.014363049968607327,0.2573901079921625,2026-08-24,2026-08-25,3,5,0.02,0.025
148,226.113,231.6499420875,33464.724,34284.19142895,819.4674289499962,759.8666321102172,59.60079683977901,0.02259015597573235,take_profit,0.0945095184082483,0.004465518474578858,GENESYS,0.877557098865509,0.036328934133052826,0.6436781883239746,0.5831987261772156,0.45470693707466125,0.3899371027946472,neutral,0.44086575375933373,0.6724137931034483,0.014363049968607327,0.2573901079921625,2026-08-25,2026-08-26,2,5,0.02,0.025
233,144.072,141.11996472,33568.776,32880.951779760006,-687.8242202399924,-747.0231396106262,59.198919370633796,-0.022208330420327747,stop_and_target_same_bar_conservative_stop,0.08413833465523468,0.0012142868638038646,MAWANASUG,0.8088151812553406,0.037379004061222076,0.5714285969734192,0.5652173757553101,0.3575317859649658,0.2460496723651886,neutral,0.44086575375933373,0.6724137931034483,0.014363049968607327,0.2573901079921625,2026-08-25,2026-08-26,2,5,0.02,0.025
86,259.82984999999996,254.5059363735,22345.367099999996,21887.510528120998,-457.8565718789978,-513.043763849897,55.18719197089917,-0.022874132021115694,stop_and_target_same_bar_conservative_stop,0.1513506751857172,0.018769229531288147,RAMBHAJO,0.88104248046875,0.044784486293792725,0.9615384340286255,0.923076868057251,0.7777777910232544,0.6451612710952759,neutral,0.6389830724437451,0.6724137931034483,0.014363049968607327,0.2573901079921625,2026-08-26,2026-08-27,3,5,0.02,0.025
94,237.01845,232.1619419595,22279.7343,21823.222544193002,-456.5117558069978,-511.67548780201736,55.163731995019546,-0.022813127231337785,stop_loss,0.0933180026314627,0.0011249988079071052,GENESYS,0.849315345287323,0.03299408406019211,0.5694444179534912,0.5652173757553101,0.44736844301223755,0.3224637806415558,neutral,0.6389830724437451,0.6724137931034483,0.014363049968607327,0.2573901079921625,2026-08-26,2026-08-27,3,5,0.02,0.025
1022,21.910949999999996,21.461994634499998,22392.990899999997,21934.158516459,-458.8323835409974,-514.0365982992727,55.20421475827525,-0.022918397691747205,stop_and_target_same_bar_conservative_stop,0.09331365223745215,0.0011249988079071052,BAJAJHIND,0.804230809211731,0.03295058012008667,0.5694444179534912,0.49056604504585266,0.35753175616264343,0.2460496425628662,neutral,0.6389830724437451,0.6724137931034483,0.014363049968607327,0.2573901079921625,2026-08-26,2026-08-27,3,5,0.02,0.025
3108,21.140565,21.658244585437497,65704.87602,67313.82417153975,1608.9481515397492,1537.4003392312752,71.54781230847406,0.02338314579232021,take_profit,0.0821700755357515,0.0030598075985908526,BAJAJHIND,0.7532198429107666,0.0353076234459877,0.6124401688575745,0.49056604504585266,0.3575317859649658,0.20649351179599762,risk_off,0.2867097741360883,0.6724137931034483,0.014363049968607327,0.2573901079921625,2026-08-27,2026-08-28,1,5,0.02,0.025
65,515.2574999999999,504.69987382499994,33491.737499999996,32805.49179862499,-686.2457013750027,-745.4170838837045,59.171382508701896,-0.022156800241141285,stop_loss,0.09997155121019007,0.004465518474578858,PRECWIRE,0.8337591886520386,0.04277084022760391,0.6436781883239746,0.5831987261772156,0.45470693707466125,0.3899371027946472,neutral,0.5372225976090669,0.6724137931034483,0.014363049968607327,0.2573901079921625,2026-08-28,2026-08-31,2,5,0.02,0.025
17,1901.9505,1862.979534255,32333.158499999998,31670.652082335,-662.5064176649976,-721.2636743799706,58.757256714972954,-0.021438863556985262,stop_loss,0.09973294860174776,0.004465518474578858,MASTEK,0.8011902570724487,0.04038481414318085,0.6436781883239746,0.5831987261772156,0.45470696687698364,0.3464052379131317,neutral,0.5372225976090669,0.6724137931034483,0.014363049968607327,0.2573901079921625,2026-08-28,2026-08-31,2,5,0.02,0.025
273,240.44016,235.5135411216,65640.16368,64295.1967261968,-1344.9669538031958,-1415.6295617776875,70.66260797449166,-0.021507934577186825,stop_and_target_same_bar_conservative_stop,0.08620885500260024,0.004465521156787875,RAMBHAJO,0.8353689312934875,0.03964432328939438,0.6436782479286194,0.5831987857818604,0.44736844301223755,0.3137255012989044,risk_off,0.26822153448021974,0.6724137931034483,0.014363049968607327,0.2573901079921625,2026-08-31,2026-09-01,1,5,0.02,0.025
513,25.022505,25.635243591187496,12836.545065,13150.879962279185,314.3348972791846,262.378145438777,51.956751840407605,0.02036992535903554,take_profit,0.08370176776957561,0.0038937385678291326,ATALREAL,0.819956362247467,0.04019562900066376,0.6309719681739807,0.5814361572265625,0.4642857015132904,0.35185185074806213,risk_off,0.2538253896856404,0.5581395348837209,0.013606478329035816,0.28378504171524493,2026-09-01,2026-09-02,5,5,0.02,0.025
36,353.426625,346.18491345375,12723.3585,12462.656884335001,-260.7016156649988,-312.4494893427632,51.74787367776436,-0.024257251935893263,stop_loss,0.08312569409322788,0.0038937385678291326,SSWL,0.8190560340881348,0.03443489223718643,0.6309719681739807,0.5814360976219177,0.44029849767684937,0.35185182094573975,risk_off,0.2538253896856404,0.5581395348837209,0.013606478329035816,0.28378504171524493,2026-09-01,2026-09-02,5,5,0.02,0.025
33,380.19,389.49990262499995,12546.27,12853.496786624999,307.22678662499857,255.3776000556722,51.84918656932638,0.01982643273434337,take_profit,0.08309251174044657,0.003893735885620117,TBZ,0.8412007689476013,0.0341031551361084,0.6309719085693359,0.5814360976219177,0.47651004791259766,0.42236024141311646,risk_off,0.2538253896856404,0.5581395348837209,0.013606478329035816,0.28378504171524493,2026-09-01,2026-09-02,5,5,0.02,0.025
23,542.271,531.15986721,12472.232999999998,12216.67694583,-255.55605416999788,-307.21416483029594,51.658110660298064,-0.02385080356584725,stop_loss,0.08301581963610698,0.0038937385678291326,DYCL,0.7961669564247131,0.03333614766597748,0.6309719681739807,0.5814360976219177,0.44029849767684937,0.3181818127632141,risk_off,0.2538253896856404,0.5581395348837209,0.013606478329035816,0.28378504171524493,2026-09-01,2026-09-02,5,5,0.02,0.025
40,320.009925,313.45292163675003,12800.397,12538.116865470001,-262.2801345299995,-314.0555450696957,51.775410539696246,-0.024381939284473145,stop_and_target_same_bar_conservative_stop,0.0828475899965768,0.0038937385678291326,CORDSCABLE,0.8045896291732788,0.03165385127067566,0.6309719681739807,0.5814360976219177,0.4642857015132904,0.384615421295166,risk_off,0.2538253896856404,0.5581395348837209,0.013606478329035816,0.28378504171524493,2026-09-01,2026-09-02,5,5,0.02,0.025
21,985.4925,965.299758675,20695.3425,20271.294932175002,-424.0475678249968,-478.64497028033657,54.597402455339775,-0.022440917893651796,stop_and_target_same_bar_conservative_stop,0.0815290509757444,0.0038937385678291326,ANTELOPUS,0.8450793027877808,0.03604089468717575,0.6309719681739807,0.5814360976219177,0.4642857015132904,0.42236024141311646,risk_off,0.21868052243599237,0.5581395348837209,0.013606478329035816,0.28378504171524493,2026-09-02,2026-09-03,3,5,0.02,0.025
51,414.207,405.71989857000005,21124.557,20691.71482707,-432.8421729299989,-487.5929950446735,54.75082211467459,-0.02286043946290435,stop_and_target_same_bar_conservative_stop,0.08143096825451104,0.00389374125003815,TBZ,0.7864131927490234,0.03505998104810715,0.6309720277786255,0.5814361572265625,0.44029849767684937,0.35185185074806213,risk_off,0.21868052243599237,0.5581395348837209,0.013606478329035816,0.28378504171524493,2026-09-02,2026-09-03,3,5,0.02,0.025
145,145.962945,149.5372126156875,21164.627024999998,21682.89582927469,518.2688042746922,463.22597132837177,55.04283294632047,0.021718009452180685,take_profit,0.08105075573891846,0.0038937385678291326,BODALCHEM,0.8341147899627686,0.03125794231891632,0.6309719681739807,0.5814360976219177,0.47651007771492004,0.42236024141311646,risk_off,0.21868052243599237,0.5581395348837209,0.013606478329035816,0.28378504171524493,2026-09-02,2026-09-03,3,5,0.02,0.025
318,49.694835,50.9117372720625,15802.95753,16189.932452515875,386.97492251587573,333.91892723567605,53.05599528019971,0.02103945178193887,take_profit,0.1125445764501031,0.006679979741573336,JINDWORLD,0.8405742049217224,0.028602203354239464,0.6928884387016296,0.6375142931938171,0.5,0.45442765951156616,risk_on,0.6743106500588569,0.5581395348837209,0.013606478329035816,0.28378504171524493,2026-09-03,2026-09-04,4,5,0.02,0.025
67,234.117,229.31994267,15685.839,15364.43615889,-321.40284111000074,-374.20963229660055,52.80679118659979,-0.02357807501425223,stop_loss,0.10417734246593076,0.0038937385678291326,HIKAL,0.8220863938331604,0.034708745777606964,0.6309719681739807,0.5814360976219177,0.440298467874527,0.3518518805503845,risk_on,0.6743106500588569,0.5581395348837209,0.013606478329035816,0.28378504171524493,2026-09-03,2026-09-04,4,5,0.02,0.025
34,456.22799999999995,467.39988314999994,15511.751999999999,15891.596027099999,379.84402709999995,326.8959418870146,52.94808521298534,0.020596949876366625,take_profit,0.10386661600213605,0.0038937385678291326,TBZ,0.7920334339141846,0.03160148113965988,0.6309719681739807,0.5814360976219177,0.44029849767684937,0.3181818127632141,risk_on,0.6743106500588569,0.5581395348837209,0.013606478329035816,0.28378504171524493,2026-09-03,2026-09-04,4,5,0.02,0.025
51,306.15299999999996,313.6499215875,15613.802999999998,15996.146000962499,382.3430009625008,329.35709939943,52.985901563070776,0.020752021663518343,take_profit,0.10385320316892224,0.00389374125003815,CORDSCABLE,0.7899453043937683,0.031467266380786896,0.6309720277786255,0.5814360976219177,0.44029849767684937,0.35185185074806213,risk_on,0.6743106500588569,0.5581395348837209,0.013606478329035816,0.28378504171524493,2026-09-03,2026-09-04,4,5,0.02,0.025
541,59.17957499999999,57.96698550825,32016.150074999998,31360.139159963248,-656.0109150367498,-714.6548593529809,58.64394431623113,-0.022298018388240765,stop_and_target_same_bar_conservative_stop,0.09735986090896886,0.003893735885620117,JINDWORLD,0.8347612619400024,0.03043483756482601,0.6309719085693359,0.5814360976219177,0.47651007771492004,0.42236024141311646,neutral,0.5465090081986511,0.5581395348837209,0.013606478329035816,0.28378504171524493,2026-09-04,2026-09-07,2,5,0.02,0.025
136,234.01694999999998,229.2219426945,31826.3052,31174.184206452,-652.1209935480001,-710.6970791687562,58.57608562075611,-0.022174531289301348,stop_and_target_same_bar_conservative_stop,0.0972958228707151,0.0038937385678291326,NIACL,0.8288766741752625,0.029794370755553246,0.6309719681739807,0.5814360976219177,0.47651007771492004,0.42236024141311646,neutral,0.5465090081986511,0.5581395348837209,0.013606478329035816,0.28378504171524493,2026-09-04,2026-09-07,2,5,0.02,0.025
19,820.41,840.4997898749999,15587.789999999999,15969.496007624999,381.706007625,328.7297455237157,52.97626210128429,0.02097997645219678,take_profit,0.08612794903568421,0.0038937385678291326,MVELECTRO,0.7767048478126526,0.0352422371506691,0.6309719681739807,0.5814360976219177,0.40789470076560974,0.27906978130340576,risk_off,0.31225579870780173,0.5581395348837209,0.013606478329035816,0.28378504171524493,2026-09-07,2026-09-08,4,5,0.02,0.025
3,4377.1875,4287.498928125,13131.5625,12862.496784375,-269.06571562499994,-320.959498908845,51.893783283845025,-0.02048406881612924,stop_loss,0.08601078791073952,0.0038937385678291326,CENTUM,0.7917428612709045,0.03407062590122223,0.6309719681739807,0.5814360976219177,0.44029849767684937,0.35185182094573975,risk_off,0.31225579870780173,0.5581395348837209,0.013606478329035816,0.28378504171524493,2026-09-07,2026-09-08,4,5,0.02,0.025
267,58.52925,57.3299856675,15627.309749999999,15307.106173222499,-320.2035767774996,-372.9894471014629,52.78587032396323,-0.023804690398916282,stop_loss,0.08589427349619065,0.0038937385678291326,JINDWORLD,0.7851719856262207,0.03290548175573349,0.6309719681739807,0.5814360976219177,0.44029849767684937,0.35185185074806213,risk_off,0.31225579870780173,0.5581395348837209,0.013606478329035816,0.28378504171524493,2026-09-07,2026-09-08,4,5,0.02,0.025
1099,14.237115,13.945396513650001,15646.589385,15325.990768501351,-320.59861649864797,-373.39137819052587,52.79276169187788,-0.023830342184003494,stop_loss,0.0856575589766303,0.003893735885620117,PCJEWELLER,0.8396274447441101,0.030538422986865044,0.6309719085693359,0.5814360976219177,0.47651004791259766,0.42236024141311646,risk_off,0.31225579870780173,0.5581395348837209,0.013606478329035816,0.28378504171524493,2026-09-07,2026-09-08,4,5,0.02,0.025
224,55.04751,53.919586520100005,12330.642240000001,12077.987380502402,-252.65485949759932,-304.26235955139606,51.607500053796755,-0.02456250730720165,stop_and_target_same_bar_conservative_stop,0.09351214464771743,0.00389374125003815,JINDWORLD,0.7983065247535706,0.03552591800689697,0.6309720277786255,0.5814360976219177,0.44029849767684937,0.30000001192092896,neutral,0.45937217638254046,0.5581395348837209,0.013606478329035816,0.28378504171524493,2026-09-08,2026-09-09,5,5,0.02,0.025
13,888.293925,910.0460224884374,11547.821025,11830.598292349687,282.77726734968746,231.29806927612339,51.47919807356407,0.018672242353976534,take_profit,0.09345588486659523,0.0038937385678291326,MVELECTRO,0.7859321236610413,0.03496340662240982,0.6309719681739807,0.5814360976219177,0.44029849767684937,0.3181818127632141,neutral,0.45937217638254046,0.5581395348837209,0.013606478329035816,0.28378504171524493,2026-09-08,2026-09-09,5,5,0.02,0.025
42,291.15550499999995,285.1897287025499,12228.531209999997,11977.968605507096,-250.5626044929013,-302.1336056878829,51.57100119498157,-0.024390657156545918,stop_loss,0.09343463357555862,0.0038937385678291326,GENESYS,0.8442411422729492,0.03475089371204376,0.6309719681739807,0.5814361572265625,0.4642857015132904,0.38461539149284363,neutral,0.45937217638254046,0.5581395348837209,0.013606478329035816,0.28378504171524493,2026-09-08,2026-09-09,5,5,0.02,0.025
11,1117.3583999999998,1144.7197138199997,12290.942399999998,12591.916852019996,300.97445201999835,249.2198804755916,51.75457154440675,0.020119035244146263,take_profit,0.09325030621159072,0.0038937385678291326,ANTELOPUS,0.7817577719688416,0.03290762007236481,0.6309719681739807,0.5814360976219177,0.440298467874527,0.30000001192092896,neutral,0.45937217638254046,0.5581395348837209,0.013606478329035816,0.28378504171524493,2026-09-08,2026-09-09,5,5,0.02,0.025
728,16.96848,16.951520000000002,12353.05344,12340.706560000002,-12.346879999997327,-64.03262497279732,51.685744972799995,-0.005169229020351296,close_proxy,0.09317706700432296,0.0038937385678291326,ATALREAL,0.8229001760482788,0.032175227999687195,0.6309719681739807,0.5814360976219177,0.47651010751724243,0.42236024141311646,neutral,0.45937217638254046,0.5581395348837209,0.013606478329035816,0.28378504171524493,2026-09-08,2026-09-09,5,5,0.02,0.025
6,2471.2349999999997,2420.59939485,14827.409999999998,14523.5963691,-303.8136308999983,-356.3135827679285,52.49995186793016,-0.02308237660968202,stop_loss,0.08632838752813442,0.0038937385678291326,WHEELS,0.8049846291542053,0.032523997128009796,0.6309719681739807,0.5814360976219177,0.47651004791259766,0.42236024141311646,risk_off,0.32170104860212456,0.5581395348837209,0.013606478329035816,0.28378504171524493,2026-09-09,2026-09-10,4,5,0.02,0.025
18,839.569575,822.36679440825,15112.252349999999,14802.6022993485,-309.65005065149853,-362.25181738426,52.60176673276145,-0.02346706182641171,stop_and_target_same_bar_conservative_stop,0.08627760511584386,0.0038937385678291326,GRAPHITE,0.8093642592430115,0.032016173005104065,0.6309719681739807,0.5814360976219177,0.44029849767684937,0.35185185074806213,risk_off,0.32170104860212456,0.5581395348837209,0.013606478329035816,0.28378504171524493,2026-09-09,2026-09-10,4,5,0.02,0.025
41,370.185,362.59990935,15177.585000000001,14866.596283350002,-310.98871664999933,-363.6138360721654,52.62511942216603,-0.023555294859964444,stop_and_target_same_bar_conservative_stop,0.08611272954143388,0.0038937385678291326,CORDSCABLE,0.7910386919975281,0.030367417261004448,0.6309719681739807,0.5370370149612427,0.3565737009048462,0.275390625,risk_off,0.32170104860212456,0.5581395348837209,0.013606478329035816,0.28378504171524493,2026-09-09,2026-09-10,4,5,0.02,0.025
269,57.118545,55.948186012949996,15364.888605,15050.062037483549,-314.8265675164512,-367.51863727527007,52.692069758818874,-0.023808252076065593,stop_loss,0.08282181304640873,0.00274324256181717,JINDWORLD,0.7751814723014832,0.03452979028224945,0.6054053902626038,0.4779874086380005,0.3565737009048462,0.275390625,risk_off,0.32170104860212456,0.5581395348837209,0.013606478329035816,0.28378504171524493,2026-09-09,2026-09-10,4,5,0.02,0.025
23,843.4214999999999,826.139793465,19398.694499999998,19001.215249695,-397.47925030499755,-451.6131751880811,54.13392488308352,-0.022469535209129334,stop_and_target_same_bar_conservative_stop,0.08450770960374475,0.00389374125003815,MVELECTRO,0.7685792446136475,0.035713523626327515,0.6309720277786255,0.5814360976219177,0.40789473056793213,0.27906978130340576,risk_off,0.27890826426422566,0.5581395348837209,0.013606478329035816,0.28378504171524493,2026-09-10,2026-09-11,3,5,0.02,0.025
68,291.955905,299.10517522368747,19853.001539999997,20339.151915210747,486.1503752107492,431.59358246512966,54.55679274561953,0.02147348157678469,take_profit,0.08441412539406419,0.0038937385678291326,GENESYS,0.8188823461532593,0.034777767956256866,0.6309719681739807,0.5814360976219177,0.40789473056793213,0.27906978130340576,risk_off,0.27890826426422566,0.5581395348837209,0.013606478329035816,0.28378504171524493,2026-09-10,2026-09-11,3,5,0.02,0.025
8,2289.24405,2242.3374394155,18313.9524,17938.699515324,-375.25288467599967,-428.99907623821883,53.74619156221917,-0.021344394667414522,stop_loss,0.08425257296486496,0.0038937385678291326,WHEELS,0.7740792036056519,0.03316224366426468,0.6309719681739807,0.5814360976219177,0.44029849767684937,0.30000001192092896,risk_off,0.27890826426422566,0.5581395348837209,0.013606478329035816,0.28378504171524493,2026-09-10,2026-09-11,3,5,0.02,0.025
